2026-04-25 17:11:24,293 - diploma_verifier - INFO - Démarrage du service Diploma Verifier...
2026-04-25 17:11:24,295 - diploma_verifier - INFO - Démarrage du service Diploma Verifier...
2026-04-25 17:11:24,329 - diploma_verifier - WARNING - Tesseract non trouvé dans le PATH. L'OCR ne fonctionnera pas correctement.
2026-04-25 17:11:24,330 - diploma_verifier - WARNING - Tesseract non trouvé dans le PATH. L'OCR ne fonctionnera pas correctement.
2026-04-25 17:11:24,331 - diploma_verifier - WARNING - Impossible de charger les modèles spaCy : No module named 'spacy'
2026-04-25 17:11:24,331 - diploma_verifier - INFO - Service démarré — prêt à recevoir des requêtes
2026-04-25 17:11:24,332 - diploma_verifier - WARNING - Impossible de charger les modèles spaCy : No module named 'spacy'
2026-04-25 17:11:24,333 - diploma_verifier - INFO - Service démarré — prêt à recevoir des requêtes
2026-04-25 17:11:26,369 - diploma_verifier - INFO - Démarrage du service Diploma Verifier...
2026-04-25 17:11:26,371 - diploma_verifier - INFO - Démarrage du service Diploma Verifier...
2026-04-25 17:11:26,404 - diploma_verifier - WARNING - Tesseract non trouvé dans le PATH. L'OCR ne fonctionnera pas correctement.
2026-04-25 17:11:26,413 - diploma_verifier - WARNING - Impossible de charger les modèles spaCy : No module named 'spacy'
2026-04-25 17:11:26,413 - diploma_verifier - WARNING - Tesseract non trouvé dans le PATH. L'OCR ne fonctionnera pas correctement.
2026-04-25 17:11:26,413 - diploma_verifier - INFO - Service démarré — prêt à recevoir des requêtes
2026-04-25 17:11:26,413 - diploma_verifier - WARNING - Impossible de charger les modèles spaCy : No module named 'spacy'
2026-04-25 17:11:26,413 - diploma_verifier - INFO - Service démarré — prêt à recevoir des requêtes
2026-04-25 17:11:51,743 - diploma_verifier - INFO - Service arrêté
2026-04-25 17:11:52,903 - diploma_verifier - INFO - Démarrage du service Diploma Verifier...
2026-04-25 17:11:52,928 - diploma_verifier - WARNING - Tesseract non trouvé dans le PATH. L'OCR ne fonctionnera pas correctement.
2026-04-25 17:11:58,511 - diploma_verifier - INFO - Chargement du modèle spaCy fr_core_news_sm...
2026-04-25 17:11:58,511 - diploma_verifier - WARNING - Impossible de charger les modèles spaCy : [E050] Can't find model 'fr_core_news_sm'. It doesn't seem to be a Python package or a valid path to a data directory.
2026-04-25 17:11:58,511 - diploma_verifier - INFO - Service démarré — prêt à recevoir des requêtes
2026-04-25 17:11:59,736 - diploma_verifier - INFO - Démarrage du service Diploma Verifier...
2026-04-25 17:11:59,754 - diploma_verifier - WARNING - Tesseract non trouvé dans le PATH. L'OCR ne fonctionnera pas correctement.
2026-04-25 17:12:00,400 - diploma_verifier - INFO - Chargement du modèle spaCy fr_core_news_sm...
2026-04-25 17:12:00,401 - diploma_verifier - WARNING - Impossible de charger les modèles spaCy : [E050] Can't find model 'fr_core_news_sm'. It doesn't seem to be a Python package or a valid path to a data directory.
2026-04-25 17:12:00,402 - diploma_verifier - INFO - Service démarré — prêt à recevoir des requêtes
2026-04-25 17:12:05,302 - diploma_verifier - INFO - Démarrage du service Diploma Verifier...
2026-04-25 17:12:05,321 - diploma_verifier - WARNING - Tesseract non trouvé dans le PATH. L'OCR ne fonctionnera pas correctement.
2026-04-25 17:12:05,952 - diploma_verifier - INFO - Chargement du modèle spaCy fr_core_news_sm...
2026-04-25 17:12:05,953 - diploma_verifier - WARNING - Impossible de charger les modèles spaCy : [E050] Can't find model 'fr_core_news_sm'. It doesn't seem to be a Python package or a valid path to a data directory.
2026-04-25 17:12:05,953 - diploma_verifier - INFO - Service démarré — prêt à recevoir des requêtes
2026-04-25 17:15:43,489 - diploma_verifier - INFO - Démarrage du service Diploma Verifier...
2026-04-25 17:15:43,509 - diploma_verifier - WARNING - Tesseract non trouvé dans le PATH. L'OCR ne fonctionnera pas correctement.
2026-04-25 17:15:44,252 - diploma_verifier - INFO - Chargement du modèle spaCy fr_core_news_sm...
2026-04-25 17:15:44,253 - diploma_verifier - WARNING - Impossible de charger les modèles spaCy : [E050] Can't find model 'fr_core_news_sm'. It doesn't seem to be a Python package or a valid path to a data directory.
2026-04-25 17:15:44,254 - diploma_verifier - INFO - Service démarré — prêt à recevoir des requêtes
2026-04-25 17:17:01,325 - diploma_verifier - INFO - Démarrage du service Diploma Verifier...
2026-04-25 17:17:01,344 - diploma_verifier - WARNING - Tesseract non trouvé dans le PATH. L'OCR ne fonctionnera pas correctement.
2026-04-25 17:17:02,001 - diploma_verifier - INFO - Chargement du modèle spaCy fr_core_news_sm...
2026-04-25 17:17:02,002 - diploma_verifier - WARNING - Impossible de charger les modèles spaCy : [E050] Can't find model 'fr_core_news_sm'. It doesn't seem to be a Python package or a valid path to a data directory.
2026-04-25 17:17:02,003 - diploma_verifier - INFO - Service démarré — prêt à recevoir des requêtes
2026-04-25 17:23:24,250 - diploma_verifier - INFO - Requête de vérification reçue : diplomes-160107163453-thumbnail.jpg
2026-04-25 17:23:24,251 - diploma_verifier - INFO - Validation du fichier : diplomes-160107163453-thumbnail.jpg
2026-04-25 17:23:24,259 - diploma_verifier - DEBUG - Type MIME détecté : image/jpeg
2026-04-25 17:23:24,259 - diploma_verifier - DEBUG - Fichier temporaire créé : C:\Users\marwe\AppData\Local\Temp\diploma_8cf6e943000f41fbb33df93627838247.jpg
2026-04-25 17:23:24,259 - diploma_verifier - INFO - Fichier validé — mime=image/jpeg | taille=45870 octets | chemin=C:\Users\marwe\AppData\Local\Temp\diploma_8cf6e943000f41fbb33df93627838247.jpg
2026-04-25 17:23:24,259 - diploma_verifier - INFO - Début de l'analyse : diplomes-160107163453-thumbnail.jpg
2026-04-25 17:23:24,259 - diploma_verifier - DEBUG - Chargement image : C:\Users\marwe\AppData\Local\Temp\diploma_8cf6e943000f41fbb33df93627838247.jpg
2026-04-25 17:23:24,402 - diploma_verifier - INFO - Image convertie — dimensions=640x469 | mode=RGB
2026-04-25 17:23:24,402 - diploma_verifier - DEBUG - Début du prétraitement de l'image
2026-04-25 17:23:24,418 - diploma_verifier - DEBUG - Prétraitement terminé — dimensions=640x469
2026-04-25 17:23:24,443 - diploma_verifier - ERROR - Erreur Tesseract : tesseract is not installed or it's not in your PATH. See README file for more information.
2026-04-25 17:23:24,452 - diploma_verifier - INFO - Détection signature — détectée=True | confiance=0.92 | candidats=2
2026-04-25 17:23:24,466 - diploma_verifier - INFO - Détection cachet — détecté=True | confiance=0.42 | couleur=noir | cercles=12 | ellipses=0
2026-04-25 17:23:24,502 - diploma_verifier - INFO - Détection tampering — score=0.178 | ELA=0.306 (0 régions) | copier-coller=0.000 | fond=0.368 | meta_flags=0
2026-04-25 17:23:24,502 - diploma_verifier - INFO - Classification — is_diploma=False | confiance=0.19 | type=unknown | mots-clés=0/1 | layout=0.75
2026-04-25 17:23:24,502 - diploma_verifier - INFO - Scoring final — score=100.0 | verdict=FALSIFIÉ | confiance=HIGH
2026-04-25 17:23:24,502 - diploma_verifier - INFO - Analyse terminée — fichier=diplomes-160107163453-thumbnail.jpg | pays=Unknown | score=100.0 | verdict=FALSIFIÉ | durée=242ms | flags=[Aucun texte extrait par l'OCR, Texte insuffisant pour l'analyse, Document probablement pas un diplôme (confiance=0.19)]
2026-04-25 17:23:24,502 - diploma_verifier - DEBUG - Fichier temporaire supprimé : C:\Users\marwe\AppData\Local\Temp\diploma_8cf6e943000f41fbb33df93627838247.jpg
2026-04-25 17:23:33,735 - diploma_verifier - INFO - Requête de vérification reçue : diplomes-160107163453-thumbnail.jpg
2026-04-25 17:23:33,735 - diploma_verifier - INFO - Validation du fichier : diplomes-160107163453-thumbnail.jpg
2026-04-25 17:23:33,735 - diploma_verifier - DEBUG - Type MIME détecté : image/jpeg
2026-04-25 17:23:33,742 - diploma_verifier - DEBUG - Fichier temporaire créé : C:\Users\marwe\AppData\Local\Temp\diploma_0f401ebae1c14791b9c0c65f10de0eaf.jpg
2026-04-25 17:23:33,742 - diploma_verifier - INFO - Fichier validé — mime=image/jpeg | taille=45870 octets | chemin=C:\Users\marwe\AppData\Local\Temp\diploma_0f401ebae1c14791b9c0c65f10de0eaf.jpg
2026-04-25 17:23:33,742 - diploma_verifier - INFO - Début de l'analyse : diplomes-160107163453-thumbnail.jpg
2026-04-25 17:23:33,742 - diploma_verifier - DEBUG - Chargement image : C:\Users\marwe\AppData\Local\Temp\diploma_0f401ebae1c14791b9c0c65f10de0eaf.jpg
2026-04-25 17:23:33,751 - diploma_verifier - INFO - Image convertie — dimensions=640x469 | mode=RGB
2026-04-25 17:23:33,751 - diploma_verifier - DEBUG - Début du prétraitement de l'image
2026-04-25 17:23:33,767 - diploma_verifier - DEBUG - Prétraitement terminé — dimensions=640x469
2026-04-25 17:23:33,783 - diploma_verifier - ERROR - Erreur Tesseract : tesseract is not installed or it's not in your PATH. See README file for more information.
2026-04-25 17:23:33,783 - diploma_verifier - INFO - Détection signature — détectée=True | confiance=0.92 | candidats=2
2026-04-25 17:23:33,800 - diploma_verifier - INFO - Détection cachet — détecté=True | confiance=0.42 | couleur=noir | cercles=12 | ellipses=0
2026-04-25 17:23:33,834 - diploma_verifier - INFO - Détection tampering — score=0.178 | ELA=0.306 (0 régions) | copier-coller=0.000 | fond=0.368 | meta_flags=0
2026-04-25 17:23:33,834 - diploma_verifier - INFO - Classification — is_diploma=False | confiance=0.19 | type=unknown | mots-clés=0/1 | layout=0.75
2026-04-25 17:23:33,834 - diploma_verifier - INFO - Scoring final — score=100.0 | verdict=FALSIFIÉ | confiance=HIGH
2026-04-25 17:23:33,834 - diploma_verifier - INFO - Analyse terminée — fichier=diplomes-160107163453-thumbnail.jpg | pays=Unknown | score=100.0 | verdict=FALSIFIÉ | durée=91ms | flags=[Aucun texte extrait par l'OCR, Texte insuffisant pour l'analyse, Document probablement pas un diplôme (confiance=0.19)]
2026-04-25 17:23:33,842 - diploma_verifier - DEBUG - Fichier temporaire supprimé : C:\Users\marwe\AppData\Local\Temp\diploma_0f401ebae1c14791b9c0c65f10de0eaf.jpg
2026-04-25 17:23:39,140 - diploma_verifier - INFO - Requête de vérification reçue : diplome bac.png
2026-04-25 17:23:39,140 - diploma_verifier - INFO - Validation du fichier : diplome bac.png
2026-04-25 17:23:39,143 - diploma_verifier - DEBUG - Type MIME détecté : image/png
2026-04-25 17:23:39,144 - diploma_verifier - DEBUG - Fichier temporaire créé : C:\Users\marwe\AppData\Local\Temp\diploma_4ddffbaf407948c6a278c3059e480dc5.png
2026-04-25 17:23:39,145 - diploma_verifier - INFO - Fichier validé — mime=image/png | taille=732666 octets | chemin=C:\Users\marwe\AppData\Local\Temp\diploma_4ddffbaf407948c6a278c3059e480dc5.png
2026-04-25 17:23:39,145 - diploma_verifier - INFO - Début de l'analyse : diplome bac.png
2026-04-25 17:23:39,145 - diploma_verifier - DEBUG - Chargement image : C:\Users\marwe\AppData\Local\Temp\diploma_4ddffbaf407948c6a278c3059e480dc5.png
2026-04-25 17:23:39,177 - diploma_verifier - INFO - Image convertie — dimensions=1200x869 | mode=RGB
2026-04-25 17:23:39,178 - diploma_verifier - DEBUG - Début du prétraitement de l'image
2026-04-25 17:23:39,221 - diploma_verifier - DEBUG - Prétraitement terminé — dimensions=1200x869
2026-04-25 17:23:39,250 - diploma_verifier - ERROR - Erreur Tesseract : tesseract is not installed or it's not in your PATH. See README file for more information.
2026-04-25 17:23:39,252 - diploma_verifier - INFO - Détection signature — détectée=True | confiance=1.00 | candidats=19
2026-04-25 17:23:39,371 - diploma_verifier - ERROR - Erreur lors de la détection de cachet : cannot convert float NaN to integer
2026-04-25 17:23:39,489 - diploma_verifier - INFO - Détection tampering — score=0.285 | ELA=0.206 (0 régions) | copier-coller=0.674 | fond=0.228 | meta_flags=0
2026-04-25 17:23:39,493 - diploma_verifier - INFO - Classification — is_diploma=False | confiance=0.21 | type=unknown | mots-clés=0/1 | layout=0.85
2026-04-25 17:23:39,493 - diploma_verifier - INFO - Scoring final — score=100.0 | verdict=FALSIFIÉ | confiance=HIGH
2026-04-25 17:23:39,494 - diploma_verifier - INFO - Analyse terminée — fichier=diplome bac.png | pays=Unknown | score=100.0 | verdict=FALSIFIÉ | durée=348ms | flags=[Aucun texte extrait par l'OCR, Erreur détection cachet : cannot convert float NaN to integer, Texte insuffisant pour l'analyse, Possible copier-coller détecté (score=0.67), Document probablement pas un diplôme (confiance=0.21)]
2026-04-25 17:23:39,495 - diploma_verifier - DEBUG - Fichier temporaire supprimé : C:\Users\marwe\AppData\Local\Temp\diploma_4ddffbaf407948c6a278c3059e480dc5.png
2026-04-25 17:27:00,218 - diploma_verifier - INFO - Service arrêté
2026-04-25 17:27:01,401 - diploma_verifier - INFO - Démarrage du service Diploma Verifier...
2026-04-25 17:27:01,422 - diploma_verifier - WARNING - Tesseract non trouvé dans le PATH. L'OCR ne fonctionnera pas correctement.
2026-04-25 17:27:02,025 - diploma_verifier - INFO - Chargement du modèle spaCy fr_core_news_sm...
2026-04-25 17:27:02,025 - diploma_verifier - WARNING - Impossible de charger les modèles spaCy : [E050] Can't find model 'fr_core_news_sm'. It doesn't seem to be a Python package or a valid path to a data directory.
2026-04-25 17:27:02,040 - diploma_verifier - INFO - Service démarré — prêt à recevoir des requêtes
2026-04-25 17:27:03,289 - diploma_verifier - INFO - Démarrage du service Diploma Verifier...
2026-04-25 17:27:03,309 - diploma_verifier - WARNING - Tesseract non trouvé dans le PATH. L'OCR ne fonctionnera pas correctement.
2026-04-25 17:27:03,937 - diploma_verifier - INFO - Chargement du modèle spaCy fr_core_news_sm...
2026-04-25 17:27:03,939 - diploma_verifier - WARNING - Impossible de charger les modèles spaCy : [E050] Can't find model 'fr_core_news_sm'. It doesn't seem to be a Python package or a valid path to a data directory.
2026-04-25 17:27:03,939 - diploma_verifier - INFO - Service démarré — prêt à recevoir des requêtes
2026-04-25 17:30:27,417 - diploma_verifier - INFO - Démarrage du service Diploma Verifier...
2026-04-25 17:30:27,439 - diploma_verifier - WARNING - Tesseract non trouvé dans le PATH. L'OCR ne fonctionnera pas correctement.
2026-04-25 17:30:28,071 - diploma_verifier - INFO - Chargement du modèle spaCy fr_core_news_sm...
2026-04-25 17:30:28,072 - diploma_verifier - WARNING - Impossible de charger les modèles spaCy : [E050] Can't find model 'fr_core_news_sm'. It doesn't seem to be a Python package or a valid path to a data directory.
2026-04-25 17:30:28,073 - diploma_verifier - INFO - Service démarré — prêt à recevoir des requêtes
2026-04-25 17:31:15,536 - diploma_verifier - INFO - Démarrage du service Diploma Verifier...
2026-04-25 17:31:15,556 - diploma_verifier - WARNING - Tesseract non trouvé dans le PATH. L'OCR ne fonctionnera pas correctement.
2026-04-25 17:31:16,183 - diploma_verifier - INFO - Chargement du modèle spaCy fr_core_news_sm...
2026-04-25 17:31:16,184 - diploma_verifier - WARNING - Impossible de charger les modèles spaCy : [E050] Can't find model 'fr_core_news_sm'. It doesn't seem to be a Python package or a valid path to a data directory.
2026-04-25 17:31:16,185 - diploma_verifier - INFO - Service démarré — prêt à recevoir des requêtes
2026-04-25 17:32:35,672 - diploma_verifier - INFO - Requête de vérification reçue : diplome hbib.jpg
2026-04-25 17:32:35,672 - diploma_verifier - INFO - Validation du fichier : diplome hbib.jpg
2026-04-25 17:32:35,674 - diploma_verifier - DEBUG - Type MIME détecté : image/jpeg
2026-04-25 17:32:35,675 - diploma_verifier - DEBUG - Fichier temporaire créé : C:\Users\marwe\AppData\Local\Temp\diploma_81f684e34f0046f598de040fbffdf82e.jpg
2026-04-25 17:32:35,676 - diploma_verifier - INFO - Fichier validé — mime=image/jpeg | taille=258481 octets | chemin=C:\Users\marwe\AppData\Local\Temp\diploma_81f684e34f0046f598de040fbffdf82e.jpg
2026-04-25 17:32:35,676 - diploma_verifier - INFO - Début de l'analyse : diplome hbib.jpg
2026-04-25 17:32:35,676 - diploma_verifier - DEBUG - Chargement image : C:\Users\marwe\AppData\Local\Temp\diploma_81f684e34f0046f598de040fbffdf82e.jpg
2026-04-25 17:32:35,711 - diploma_verifier - INFO - Image convertie — dimensions=1478x2047 | mode=RGB
2026-04-25 17:32:35,712 - diploma_verifier - DEBUG - Début du prétraitement de l'image
2026-04-25 17:32:35,845 - diploma_verifier - DEBUG - Prétraitement terminé — dimensions=1478x2047
2026-04-25 17:32:35,914 - diploma_verifier - ERROR - Erreur Tesseract : tesseract is not installed or it's not in your PATH. See README file for more information.
2026-04-25 17:32:37,729 - diploma_verifier - INFO - Détection cachet — détecté=True | confiance=0.80 | couleur=bleu | cercles=385 | ellipses=1
2026-04-25 17:32:38,112 - diploma_verifier - INFO - Détection tampering — score=0.345 | ELA=0.162 (48 régions) | copier-coller=1.000 | fond=0.204 | meta_flags=0
2026-04-25 17:32:38,120 - diploma_verifier - INFO - Classification — is_diploma=False | confiance=0.19 | type=unknown | mots-clés=0/1 | layout=0.75
2026-04-25 17:32:38,120 - diploma_verifier - INFO - Scoring final — score=100.0 | verdict=FALSIFIÉ | confiance=HIGH
2026-04-25 17:32:38,120 - diploma_verifier - INFO - Analyse terminée — fichier=diplome hbib.jpg | pays=Unknown | score=100.0 | verdict=FALSIFIÉ | durée=2444ms | flags=[Aucun texte extrait par l'OCR, Aucun contour de signature détecté, Texte insuffisant pour l'analyse, ELA : 48 régions suspectes détectées, Possible copier-coller détecté (score=1.00), Document probablement pas un diplôme (confiance=0.19)]
2026-04-25 17:32:38,124 - diploma_verifier - DEBUG - Fichier temporaire supprimé : C:\Users\marwe\AppData\Local\Temp\diploma_81f684e34f0046f598de040fbffdf82e.jpg
2026-04-25 17:38:42,825 - diploma_verifier - INFO - Démarrage du service Diploma Verifier...
2026-04-25 17:38:42,840 - diploma_verifier - WARNING - Tesseract non trouvé dans le PATH. L'OCR ne fonctionnera pas correctement.
2026-04-25 17:38:43,514 - diploma_verifier - INFO - Chargement du modèle spaCy fr_core_news_sm...
2026-04-25 17:38:43,523 - diploma_verifier - WARNING - Impossible de charger les modèles spaCy : [E050] Can't find model 'fr_core_news_sm'. It doesn't seem to be a Python package or a valid path to a data directory.
2026-04-25 17:38:43,523 - diploma_verifier - INFO - Service démarré — prêt à recevoir des requêtes
2026-04-25 17:48:41,524 - diploma_verifier - INFO - Service arrêté
2026-04-25 17:59:42,177 - diploma_verifier - INFO - Requête de vérification de score reçue : diplome hbib.pdf
2026-04-25 17:59:42,177 - diploma_verifier - INFO - Validation du fichier : diplome hbib.pdf
2026-04-25 17:59:42,184 - diploma_verifier - DEBUG - Type MIME détecté : application/pdf
2026-04-25 17:59:42,186 - diploma_verifier - DEBUG - Fichier temporaire créé : C:\Users\marwe\AppData\Local\Temp\diploma_1893db1cab974d20874a2a5e735983ee.pdf
2026-04-25 17:59:42,186 - diploma_verifier - INFO - Fichier validé — mime=application/pdf | taille=191636 octets | chemin=C:\Users\marwe\AppData\Local\Temp\diploma_1893db1cab974d20874a2a5e735983ee.pdf
2026-04-25 17:59:42,186 - diploma_verifier - INFO - Début de l'analyse : diplome hbib.pdf
2026-04-25 17:59:42,187 - diploma_verifier - DEBUG - Conversion PDF → image à 300 DPI : C:\Users\marwe\AppData\Local\Temp\diploma_1893db1cab974d20874a2a5e735983ee.pdf
2026-04-25 17:59:44,768 - diploma_verifier - INFO - Image convertie — dimensions=2480x3509 | mode=RGB
2026-04-25 17:59:44,769 - diploma_verifier - DEBUG - Début du prétraitement de l'image
2026-04-25 17:59:45,497 - diploma_verifier - DEBUG - Prétraitement terminé — dimensions=2480x3509
2026-04-25 17:59:45,678 - diploma_verifier - ERROR - Erreur Tesseract : tesseract is not installed or it's not in your PATH. See README file for more information.
2026-04-25 17:59:45,688 - diploma_verifier - INFO - Détection signature — détectée=True | confiance=0.50 | candidats=2
2026-04-25 18:00:05,690 - diploma_verifier - INFO - Détection cachet — détecté=True | confiance=0.80 | couleur=bleu | cercles=1108 | ellipses=1
2026-04-25 18:00:06,903 - diploma_verifier - INFO - Détection tampering — score=0.357 | ELA=0.187 (39 régions) | copier-coller=1.000 | fond=0.213 | meta_flags=0
2026-04-25 18:00:06,927 - diploma_verifier - INFO - Classification — is_diploma=False | confiance=0.19 | type=unknown | mots-clés=0/1 | layout=0.75
2026-04-25 18:00:06,928 - diploma_verifier - INFO - Scoring final — score=100.0 | verdict=FALSIFIÉ | confiance=HIGH
2026-04-25 18:00:06,928 - diploma_verifier - INFO - Analyse terminée — fichier=diplome hbib.pdf | pays=Unknown | score=100.0 | verdict=FALSIFIÉ | durée=24741ms | flags=[Aucun texte extrait par l'OCR, Texte insuffisant pour l'analyse, ELA : 39 régions suspectes détectées, Possible copier-coller détecté (score=1.00), Document probablement pas un diplôme (confiance=0.19)]
2026-04-25 18:00:06,932 - diploma_verifier - DEBUG - Fichier temporaire supprimé : C:\Users\marwe\AppData\Local\Temp\diploma_1893db1cab974d20874a2a5e735983ee.pdf
2026-04-25 18:00:53,024 - diploma_verifier - INFO - Requête de vérification de score reçue : diplome bac.png
2026-04-25 18:00:53,024 - diploma_verifier - INFO - Validation du fichier : diplome bac.png
2026-04-25 18:00:53,027 - diploma_verifier - DEBUG - Type MIME détecté : image/png
2026-04-25 18:00:53,028 - diploma_verifier - DEBUG - Fichier temporaire créé : C:\Users\marwe\AppData\Local\Temp\diploma_8b38c911d7de4c8fb43e95a591ba7022.png
2026-04-25 18:00:53,028 - diploma_verifier - INFO - Fichier validé — mime=image/png | taille=732666 octets | chemin=C:\Users\marwe\AppData\Local\Temp\diploma_8b38c911d7de4c8fb43e95a591ba7022.png
2026-04-25 18:00:53,028 - diploma_verifier - INFO - Début de l'analyse : diplome bac.png
2026-04-25 18:00:53,028 - diploma_verifier - DEBUG - Chargement image : C:\Users\marwe\AppData\Local\Temp\diploma_8b38c911d7de4c8fb43e95a591ba7022.png
2026-04-25 18:00:53,061 - diploma_verifier - INFO - Image convertie — dimensions=1200x869 | mode=RGB
2026-04-25 18:00:53,061 - diploma_verifier - DEBUG - Début du prétraitement de l'image
2026-04-25 18:00:53,111 - diploma_verifier - DEBUG - Prétraitement terminé — dimensions=1200x869
2026-04-25 18:00:53,141 - diploma_verifier - ERROR - Erreur Tesseract : tesseract is not installed or it's not in your PATH. See README file for more information.
2026-04-25 18:00:53,142 - diploma_verifier - INFO - Détection signature — détectée=True | confiance=1.00 | candidats=19
2026-04-25 18:00:53,295 - diploma_verifier - ERROR - Erreur lors de la détection de cachet : cannot convert float NaN to integer
2026-04-25 18:00:53,416 - diploma_verifier - INFO - Détection tampering — score=0.285 | ELA=0.206 (0 régions) | copier-coller=0.674 | fond=0.228 | meta_flags=0
2026-04-25 18:00:53,420 - diploma_verifier - INFO - Classification — is_diploma=False | confiance=0.21 | type=unknown | mots-clés=0/1 | layout=0.85
2026-04-25 18:00:53,420 - diploma_verifier - INFO - Scoring final — score=100.0 | verdict=FALSIFIÉ | confiance=HIGH
2026-04-25 18:00:53,420 - diploma_verifier - INFO - Analyse terminée — fichier=diplome bac.png | pays=Unknown | score=100.0 | verdict=FALSIFIÉ | durée=392ms | flags=[Aucun texte extrait par l'OCR, Erreur détection cachet : cannot convert float NaN to integer, Texte insuffisant pour l'analyse, Possible copier-coller détecté (score=0.67), Document probablement pas un diplôme (confiance=0.21)]
2026-04-25 18:00:53,423 - diploma_verifier - DEBUG - Fichier temporaire supprimé : C:\Users\marwe\AppData\Local\Temp\diploma_8b38c911d7de4c8fb43e95a591ba7022.png
2026-04-25 18:01:07,442 - diploma_verifier - INFO - Requête de vérification de score reçue : diplome bac.png
2026-04-25 18:01:07,442 - diploma_verifier - INFO - Validation du fichier : diplome bac.png
2026-04-25 18:01:07,445 - diploma_verifier - DEBUG - Type MIME détecté : image/png
2026-04-25 18:01:07,447 - diploma_verifier - DEBUG - Fichier temporaire créé : C:\Users\marwe\AppData\Local\Temp\diploma_ae4e04d1c15644a1927dbe052c49c62c.png
2026-04-25 18:01:07,447 - diploma_verifier - INFO - Fichier validé — mime=image/png | taille=732666 octets | chemin=C:\Users\marwe\AppData\Local\Temp\diploma_ae4e04d1c15644a1927dbe052c49c62c.png
2026-04-25 18:01:07,447 - diploma_verifier - INFO - Début de l'analyse : diplome bac.png
2026-04-25 18:01:07,448 - diploma_verifier - DEBUG - Chargement image : C:\Users\marwe\AppData\Local\Temp\diploma_ae4e04d1c15644a1927dbe052c49c62c.png
2026-04-25 18:01:07,480 - diploma_verifier - INFO - Image convertie — dimensions=1200x869 | mode=RGB
2026-04-25 18:01:07,480 - diploma_verifier - DEBUG - Début du prétraitement de l'image
2026-04-25 18:01:07,528 - diploma_verifier - DEBUG - Prétraitement terminé — dimensions=1200x869
2026-04-25 18:01:07,558 - diploma_verifier - ERROR - Erreur Tesseract : tesseract is not installed or it's not in your PATH. See README file for more information.
2026-04-25 18:01:07,559 - diploma_verifier - INFO - Détection signature — détectée=True | confiance=1.00 | candidats=19
2026-04-25 18:01:07,679 - diploma_verifier - ERROR - Erreur lors de la détection de cachet : cannot convert float NaN to integer
2026-04-25 18:01:07,795 - diploma_verifier - INFO - Détection tampering — score=0.285 | ELA=0.206 (0 régions) | copier-coller=0.674 | fond=0.228 | meta_flags=0
2026-04-25 18:01:07,799 - diploma_verifier - INFO - Classification — is_diploma=False | confiance=0.21 | type=unknown | mots-clés=0/1 | layout=0.85
2026-04-25 18:01:07,800 - diploma_verifier - INFO - Scoring final — score=100.0 | verdict=FALSIFIÉ | confiance=HIGH
2026-04-25 18:01:07,800 - diploma_verifier - INFO - Analyse terminée — fichier=diplome bac.png | pays=Unknown | score=100.0 | verdict=FALSIFIÉ | durée=353ms | flags=[Aucun texte extrait par l'OCR, Erreur détection cachet : cannot convert float NaN to integer, Texte insuffisant pour l'analyse, Possible copier-coller détecté (score=0.67), Document probablement pas un diplôme (confiance=0.21)]
2026-04-25 18:01:07,802 - diploma_verifier - DEBUG - Fichier temporaire supprimé : C:\Users\marwe\AppData\Local\Temp\diploma_ae4e04d1c15644a1927dbe052c49c62c.png
2026-04-25 18:03:10,462 - diploma_verifier - INFO - Requête de vérification de score reçue : diplome hbib.pdf
2026-04-25 18:03:10,462 - diploma_verifier - INFO - Validation du fichier : diplome hbib.pdf
2026-04-25 18:03:10,466 - diploma_verifier - DEBUG - Type MIME détecté : application/pdf
2026-04-25 18:03:10,468 - diploma_verifier - DEBUG - Fichier temporaire créé : C:\Users\marwe\AppData\Local\Temp\diploma_7bc70bb2188e42ae99a852096dc68420.pdf
2026-04-25 18:03:10,468 - diploma_verifier - INFO - Fichier validé — mime=application/pdf | taille=191636 octets | chemin=C:\Users\marwe\AppData\Local\Temp\diploma_7bc70bb2188e42ae99a852096dc68420.pdf
2026-04-25 18:03:10,468 - diploma_verifier - INFO - Début de l'analyse : diplome hbib.pdf
2026-04-25 18:03:10,469 - diploma_verifier - DEBUG - Conversion PDF → image à 300 DPI : C:\Users\marwe\AppData\Local\Temp\diploma_7bc70bb2188e42ae99a852096dc68420.pdf
2026-04-25 18:03:11,912 - diploma_verifier - INFO - Image convertie — dimensions=2480x3509 | mode=RGB
2026-04-25 18:03:11,914 - diploma_verifier - DEBUG - Début du prétraitement de l'image
2026-04-25 18:03:12,632 - diploma_verifier - DEBUG - Prétraitement terminé — dimensions=2480x3509
2026-04-25 18:03:12,832 - diploma_verifier - ERROR - Erreur Tesseract : tesseract is not installed or it's not in your PATH. See README file for more information.
2026-04-25 18:03:12,841 - diploma_verifier - INFO - Détection signature — détectée=True | confiance=0.50 | candidats=2
2026-04-25 18:03:30,421 - diploma_verifier - INFO - Détection cachet — détecté=True | confiance=0.80 | couleur=bleu | cercles=1108 | ellipses=1
2026-04-25 18:03:32,043 - diploma_verifier - INFO - Détection tampering — score=0.357 | ELA=0.187 (39 régions) | copier-coller=1.000 | fond=0.213 | meta_flags=0
2026-04-25 18:03:32,071 - diploma_verifier - INFO - Classification — is_diploma=False | confiance=0.19 | type=unknown | mots-clés=0/1 | layout=0.75
2026-04-25 18:03:32,072 - diploma_verifier - INFO - Scoring final — score=100.0 | verdict=FALSIFIÉ | confiance=HIGH
2026-04-25 18:03:32,072 - diploma_verifier - INFO - Analyse terminée — fichier=diplome hbib.pdf | pays=Unknown | score=100.0 | verdict=FALSIFIÉ | durée=21603ms | flags=[Aucun texte extrait par l'OCR, Texte insuffisant pour l'analyse, ELA : 39 régions suspectes détectées, Possible copier-coller détecté (score=1.00), Document probablement pas un diplôme (confiance=0.19)]
2026-04-25 18:03:32,079 - diploma_verifier - DEBUG - Fichier temporaire supprimé : C:\Users\marwe\AppData\Local\Temp\diploma_7bc70bb2188e42ae99a852096dc68420.pdf
2026-04-25 18:11:14,712 - diploma_verifier - INFO - Requête de vérification de score reçue : diplome hbib.pdf
2026-04-25 18:11:14,714 - diploma_verifier - INFO - Validation du fichier : diplome hbib.pdf
2026-04-25 18:11:14,715 - diploma_verifier - DEBUG - Type MIME détecté : application/pdf
2026-04-25 18:11:14,717 - diploma_verifier - DEBUG - Fichier temporaire créé : C:\Users\marwe\AppData\Local\Temp\diploma_69a7971b2e9a4a8e8c8e958169a79cf0.pdf
2026-04-25 18:11:14,718 - diploma_verifier - INFO - Fichier validé — mime=application/pdf | taille=191636 octets | chemin=C:\Users\marwe\AppData\Local\Temp\diploma_69a7971b2e9a4a8e8c8e958169a79cf0.pdf
2026-04-25 18:11:14,718 - diploma_verifier - INFO - Début de l'analyse : diplome hbib.pdf
2026-04-25 18:11:14,718 - diploma_verifier - DEBUG - Conversion PDF → image à 300 DPI : C:\Users\marwe\AppData\Local\Temp\diploma_69a7971b2e9a4a8e8c8e958169a79cf0.pdf
2026-04-25 18:11:15,915 - diploma_verifier - INFO - Image convertie — dimensions=2480x3509 | mode=RGB
2026-04-25 18:11:15,915 - diploma_verifier - DEBUG - Début du prétraitement de l'image
2026-04-25 18:11:16,416 - diploma_verifier - DEBUG - Prétraitement terminé — dimensions=2480x3509
2026-04-25 18:11:16,581 - diploma_verifier - ERROR - Erreur Tesseract : tesseract is not installed or it's not in your PATH. See README file for more information.
2026-04-25 18:11:16,588 - diploma_verifier - INFO - Détection signature — détectée=True | confiance=0.50 | candidats=2
2026-04-25 18:11:32,447 - diploma_verifier - INFO - Détection cachet — détecté=True | confiance=0.80 | couleur=bleu | cercles=1108 | ellipses=1
2026-04-25 18:11:34,114 - diploma_verifier - INFO - Détection tampering — score=0.357 | ELA=0.187 (39 régions) | copier-coller=1.000 | fond=0.213 | meta_flags=0
2026-04-25 18:11:34,138 - diploma_verifier - INFO - Classification — is_diploma=False | confiance=0.19 | type=unknown | mots-clés=0/1 | layout=0.75
2026-04-25 18:11:34,139 - diploma_verifier - INFO - Scoring final — score=100.0 | verdict=FALSIFIÉ | confiance=HIGH
2026-04-25 18:11:34,139 - diploma_verifier - INFO - Analyse terminée — fichier=diplome hbib.pdf | pays=Unknown | score=100.0 | verdict=FALSIFIÉ | durée=19421ms | flags=[Aucun texte extrait par l'OCR, Texte insuffisant pour l'analyse, ELA : 39 régions suspectes détectées, Possible copier-coller détecté (score=1.00), Document probablement pas un diplôme (confiance=0.19)]
2026-04-25 18:11:34,144 - diploma_verifier - DEBUG - Fichier temporaire supprimé : C:\Users\marwe\AppData\Local\Temp\diploma_69a7971b2e9a4a8e8c8e958169a79cf0.pdf
2026-04-25 18:12:36,915 - diploma_verifier - INFO - Requête de vérification de score reçue : Diplome-bac-1-320.webp
2026-04-25 18:12:36,915 - diploma_verifier - INFO - Validation du fichier : Diplome-bac-1-320.webp
2026-04-25 18:12:36,916 - diploma_verifier - WARNING - Validation échouée pour Diplome-bac-1-320.webp : Extension non autorisée : .webp. Extensions acceptées : ['.pdf', '.jpg', '.jpeg', '.png']
2026-04-25 18:12:48,886 - diploma_verifier - INFO - Requête de vérification de score reçue : diplome bac.png
2026-04-25 18:12:48,887 - diploma_verifier - INFO - Validation du fichier : diplome bac.png
2026-04-25 18:12:48,889 - diploma_verifier - DEBUG - Type MIME détecté : image/png
2026-04-25 18:12:48,891 - diploma_verifier - DEBUG - Fichier temporaire créé : C:\Users\marwe\AppData\Local\Temp\diploma_f8697eaed64748eb8d9f19c1900fcbee.png
2026-04-25 18:12:48,891 - diploma_verifier - INFO - Fichier validé — mime=image/png | taille=732666 octets | chemin=C:\Users\marwe\AppData\Local\Temp\diploma_f8697eaed64748eb8d9f19c1900fcbee.png
2026-04-25 18:12:48,891 - diploma_verifier - INFO - Début de l'analyse : diplome bac.png
2026-04-25 18:12:48,892 - diploma_verifier - DEBUG - Chargement image : C:\Users\marwe\AppData\Local\Temp\diploma_f8697eaed64748eb8d9f19c1900fcbee.png
2026-04-25 18:12:48,930 - diploma_verifier - INFO - Image convertie — dimensions=1200x869 | mode=RGB
2026-04-25 18:12:48,930 - diploma_verifier - DEBUG - Début du prétraitement de l'image
2026-04-25 18:12:48,978 - diploma_verifier - DEBUG - Prétraitement terminé — dimensions=1200x869
2026-04-25 18:12:49,008 - diploma_verifier - ERROR - Erreur Tesseract : tesseract is not installed or it's not in your PATH. See README file for more information.
2026-04-25 18:12:49,011 - diploma_verifier - INFO - Détection signature — détectée=True | confiance=1.00 | candidats=19
2026-04-25 18:12:49,148 - diploma_verifier - ERROR - Erreur lors de la détection de cachet : cannot convert float NaN to integer
2026-04-25 18:12:49,273 - diploma_verifier - INFO - Détection tampering — score=0.285 | ELA=0.206 (0 régions) | copier-coller=0.674 | fond=0.228 | meta_flags=0
2026-04-25 18:12:49,276 - diploma_verifier - INFO - Classification — is_diploma=False | confiance=0.21 | type=unknown | mots-clés=0/1 | layout=0.85
2026-04-25 18:12:49,277 - diploma_verifier - INFO - Scoring final — score=100.0 | verdict=FALSIFIÉ | confiance=HIGH
2026-04-25 18:12:49,277 - diploma_verifier - INFO - Analyse terminée — fichier=diplome bac.png | pays=Unknown | score=100.0 | verdict=FALSIFIÉ | durée=385ms | flags=[Aucun texte extrait par l'OCR, Erreur détection cachet : cannot convert float NaN to integer, Texte insuffisant pour l'analyse, Possible copier-coller détecté (score=0.67), Document probablement pas un diplôme (confiance=0.21)]
2026-04-25 18:12:49,279 - diploma_verifier - DEBUG - Fichier temporaire supprimé : C:\Users\marwe\AppData\Local\Temp\diploma_f8697eaed64748eb8d9f19c1900fcbee.png
2026-04-25 18:13:20,399 - diploma_verifier - INFO - Requête de vérification de score reçue : Capture d'écran 2025-10-20 160548.png
2026-04-25 18:13:20,399 - diploma_verifier - INFO - Validation du fichier : Capture d'écran 2025-10-20 160548.png
2026-04-25 18:13:20,401 - diploma_verifier - DEBUG - Type MIME détecté : image/png
2026-04-25 18:13:20,402 - diploma_verifier - DEBUG - Fichier temporaire créé : C:\Users\marwe\AppData\Local\Temp\diploma_7aa77341b8404348bdbfeefbc0105046.png
2026-04-25 18:13:20,403 - diploma_verifier - INFO - Fichier validé — mime=image/png | taille=22031 octets | chemin=C:\Users\marwe\AppData\Local\Temp\diploma_7aa77341b8404348bdbfeefbc0105046.png
2026-04-25 18:13:20,403 - diploma_verifier - INFO - Début de l'analyse : Capture d'écran 2025-10-20 160548.png
2026-04-25 18:13:20,404 - diploma_verifier - DEBUG - Chargement image : C:\Users\marwe\AppData\Local\Temp\diploma_7aa77341b8404348bdbfeefbc0105046.png
2026-04-25 18:13:20,414 - diploma_verifier - INFO - Image convertie — dimensions=569x282 | mode=RGB
2026-04-25 18:13:20,416 - diploma_verifier - DEBUG - Début du prétraitement de l'image
2026-04-25 18:13:20,423 - diploma_verifier - DEBUG - Prétraitement terminé — dimensions=569x282
2026-04-25 18:13:20,438 - diploma_verifier - ERROR - Erreur Tesseract : tesseract is not installed or it's not in your PATH. See README file for more information.
2026-04-25 18:13:20,447 - diploma_verifier - INFO - Détection cachet — détecté=True | confiance=0.63 | couleur=noir | cercles=0 | ellipses=1
2026-04-25 18:13:20,464 - diploma_verifier - INFO - Détection tampering — score=0.441 | ELA=1.000 (1 régions) | copier-coller=0.000 | fond=0.274 | meta_flags=0
2026-04-25 18:13:20,465 - diploma_verifier - INFO - Classification — is_diploma=False | confiance=0.16 | type=unknown | mots-clés=0/1 | layout=0.65
2026-04-25 18:13:20,465 - diploma_verifier - INFO - Scoring final — score=100.0 | verdict=FALSIFIÉ | confiance=HIGH
2026-04-25 18:13:20,466 - diploma_verifier - INFO - Analyse terminée — fichier=Capture d'écran 2025-10-20 160548.png | pays=Unknown | score=100.0 | verdict=FALSIFIÉ | durée=61ms | flags=[Aucun texte extrait par l'OCR, Aucun contour de signature détecté, Texte insuffisant pour l'analyse, Document probablement pas un diplôme (confiance=0.16)]
2026-04-25 18:13:20,466 - diploma_verifier - DEBUG - Fichier temporaire supprimé : C:\Users\marwe\AppData\Local\Temp\diploma_7aa77341b8404348bdbfeefbc0105046.png
2026-04-25 18:15:34,693 - diploma_verifier - INFO - Service arrêté
2026-04-30 18:05:11,330 - diploma_verifier - INFO - Démarrage du service Diploma Verifier v2...
2026-04-30 18:05:11,347 - diploma_verifier - WARNING - Tesseract non trouvé dans le PATH. L'OCR ne fonctionnera pas correctement.
2026-04-30 18:05:16,542 - diploma_verifier - INFO - Chargement du modèle spaCy fr_core_news_sm...
2026-04-30 18:05:16,544 - diploma_verifier - WARNING - Impossible de charger les modèles spaCy : [E050] Can't find model 'fr_core_news_sm'. It doesn't seem to be a Python package or a valid path to a data directory.
2026-04-30 18:05:16,545 - diploma_verifier - INFO - Service démarré — prêt à recevoir des requêtes
2026-04-30 18:18:10,554 - diploma_verifier - INFO - Démarrage du service Diploma Verifier v2...
2026-04-30 18:18:10,571 - diploma_verifier - WARNING - Tesseract non trouvé dans le PATH. L'OCR ne fonctionnera pas correctement.
2026-04-30 18:18:11,164 - diploma_verifier - INFO - Chargement du modèle spaCy fr_core_news_sm...
2026-04-30 18:18:11,166 - diploma_verifier - WARNING - Impossible de charger les modèles spaCy : [E050] Can't find model 'fr_core_news_sm'. It doesn't seem to be a Python package or a valid path to a data directory.
2026-04-30 18:18:11,166 - diploma_verifier - INFO - Service démarré — prêt à recevoir des requêtes
2026-05-01 00:54:36,448 - diploma_verifier - INFO - Démarrage du service Diploma Verifier v2...
2026-05-01 00:54:36,466 - diploma_verifier - INFO - Tesseract trouvé (version 5.4.0.20240606)
2026-05-01 00:54:37,081 - diploma_verifier - INFO - Chargement du modèle spaCy fr_core_news_sm...
2026-05-01 00:54:40,485 - diploma_verifier - INFO - Chargement du modèle spaCy xx_ent_wiki_sm...
2026-05-01 00:54:41,929 - diploma_verifier - INFO - Modèles spaCy chargés avec succès
2026-05-01 00:54:41,929 - diploma_verifier - INFO - Service démarré — prêt à recevoir des requêtes
2026-05-01 00:56:56,555 - diploma_verifier - INFO - Requête de vérification reçue : diplome hbib.pdf
2026-05-01 00:56:56,557 - diploma_verifier - INFO - Validation du fichier : diplome hbib.pdf
2026-05-01 00:56:56,560 - diploma_verifier - DEBUG - Type MIME détecté : application/pdf
2026-05-01 00:56:56,562 - diploma_verifier - DEBUG - Fichier temporaire créé : C:\Users\marwe\AppData\Local\Temp\diploma_280be7d4d6e04992a8afabd542855765.pdf
2026-05-01 00:56:56,562 - diploma_verifier - INFO - Fichier validé — mime=application/pdf | taille=191636 octets | chemin=C:\Users\marwe\AppData\Local\Temp\diploma_280be7d4d6e04992a8afabd542855765.pdf
2026-05-01 00:56:56,562 - diploma_verifier - INFO - Début de l'analyse : diplome hbib.pdf
2026-05-01 00:56:56,562 - diploma_verifier - DEBUG - Conversion PDF → image à 300 DPI : C:\Users\marwe\AppData\Local\Temp\diploma_280be7d4d6e04992a8afabd542855765.pdf
2026-05-01 00:56:58,248 - diploma_verifier - INFO - Image convertie — dimensions=2480x3509 | mode=RGB
2026-05-01 00:56:58,250 - diploma_verifier - DEBUG - Début du prétraitement de l'image
2026-05-01 00:56:58,706 - diploma_verifier - DEBUG - Prétraitement terminé — dimensions=2480x3509
2026-05-01 00:56:58,861 - diploma_verifier - ERROR - Erreur Tesseract : tesseract is not installed or it's not in your PATH. See README file for more information.
2026-05-01 00:56:58,862 - diploma_verifier - INFO - Analyse terminée — fichier=diplome hbib.pdf | pays=unknown | score=22.7 | verdict=low | durée=2300ms | flags=[aucun]
2026-05-01 00:56:58,867 - diploma_verifier - DEBUG - Fichier temporaire supprimé : C:\Users\marwe\AppData\Local\Temp\diploma_280be7d4d6e04992a8afabd542855765.pdf
2026-05-01 00:58:34,667 - diploma_verifier - INFO - Requête de vérification reçue : diplome bac.png
2026-05-01 00:58:34,667 - diploma_verifier - INFO - Validation du fichier : diplome bac.png
2026-05-01 00:58:34,670 - diploma_verifier - DEBUG - Type MIME détecté : image/png
2026-05-01 00:58:34,671 - diploma_verifier - DEBUG - Fichier temporaire créé : C:\Users\marwe\AppData\Local\Temp\diploma_9ccc3a050070444d93bee95bf1250fe8.png
2026-05-01 00:58:34,672 - diploma_verifier - INFO - Fichier validé — mime=image/png | taille=732666 octets | chemin=C:\Users\marwe\AppData\Local\Temp\diploma_9ccc3a050070444d93bee95bf1250fe8.png
2026-05-01 00:58:34,672 - diploma_verifier - INFO - Début de l'analyse : diplome bac.png
2026-05-01 00:58:34,672 - diploma_verifier - DEBUG - Chargement image : C:\Users\marwe\AppData\Local\Temp\diploma_9ccc3a050070444d93bee95bf1250fe8.png
2026-05-01 00:58:34,703 - diploma_verifier - INFO - Image convertie — dimensions=1200x869 | mode=RGB
2026-05-01 00:58:34,703 - diploma_verifier - DEBUG - Début du prétraitement de l'image
2026-05-01 00:58:34,746 - diploma_verifier - DEBUG - Prétraitement terminé — dimensions=1200x869
2026-05-01 00:58:34,774 - diploma_verifier - ERROR - Erreur Tesseract : tesseract is not installed or it's not in your PATH. See README file for more information.
2026-05-01 00:58:34,774 - diploma_verifier - INFO - Analyse terminée — fichier=diplome bac.png | pays=unknown | score=8.0 | verdict=low | durée=102ms | flags=[aucun]
2026-05-01 00:58:34,776 - diploma_verifier - DEBUG - Fichier temporaire supprimé : C:\Users\marwe\AppData\Local\Temp\diploma_9ccc3a050070444d93bee95bf1250fe8.png
2026-05-01 01:00:15,904 - diploma_verifier - INFO - Requête de vérification reçue : logoedubridge.png
2026-05-01 01:00:15,904 - diploma_verifier - INFO - Validation du fichier : logoedubridge.png
2026-05-01 01:00:15,908 - diploma_verifier - DEBUG - Type MIME détecté : image/png
2026-05-01 01:00:15,911 - diploma_verifier - DEBUG - Fichier temporaire créé : C:\Users\marwe\AppData\Local\Temp\diploma_b17f74dc76874d2683cbfb88cd203f45.png
2026-05-01 01:00:15,911 - diploma_verifier - INFO - Fichier validé — mime=image/png | taille=4923858 octets | chemin=C:\Users\marwe\AppData\Local\Temp\diploma_b17f74dc76874d2683cbfb88cd203f45.png
2026-05-01 01:00:15,912 - diploma_verifier - INFO - Début de l'analyse : logoedubridge.png
2026-05-01 01:00:15,912 - diploma_verifier - DEBUG - Chargement image : C:\Users\marwe\AppData\Local\Temp\diploma_b17f74dc76874d2683cbfb88cd203f45.png
2026-05-01 01:00:16,022 - diploma_verifier - INFO - Image convertie — dimensions=2760x1504 | mode=RGB
2026-05-01 01:00:16,022 - diploma_verifier - DEBUG - Début du prétraitement de l'image
2026-05-01 01:00:16,202 - diploma_verifier - DEBUG - Prétraitement terminé — dimensions=2760x1504
2026-05-01 01:00:16,269 - diploma_verifier - ERROR - Erreur Tesseract : tesseract is not installed or it's not in your PATH. See README file for more information.
2026-05-01 01:00:16,269 - diploma_verifier - INFO - Analyse terminée — fichier=logoedubridge.png | pays=unknown | score=9.3 | verdict=low | durée=357ms | flags=[aucun]
2026-05-01 01:00:16,272 - diploma_verifier - DEBUG - Fichier temporaire supprimé : C:\Users\marwe\AppData\Local\Temp\diploma_b17f74dc76874d2683cbfb88cd203f45.png
2026-05-01 01:00:24,392 - diploma_verifier - INFO - Requête de vérification reçue : logoedubridge.png
2026-05-01 01:00:24,392 - diploma_verifier - INFO - Validation du fichier : logoedubridge.png
2026-05-01 01:00:24,396 - diploma_verifier - DEBUG - Type MIME détecté : image/png
2026-05-01 01:00:24,398 - diploma_verifier - DEBUG - Fichier temporaire créé : C:\Users\marwe\AppData\Local\Temp\diploma_4f3cd49aa5664456bd42c3f4dd258bc9.png
2026-05-01 01:00:24,398 - diploma_verifier - INFO - Fichier validé — mime=image/png | taille=4923858 octets | chemin=C:\Users\marwe\AppData\Local\Temp\diploma_4f3cd49aa5664456bd42c3f4dd258bc9.png
2026-05-01 01:00:24,398 - diploma_verifier - INFO - Début de l'analyse : logoedubridge.png
2026-05-01 01:00:24,400 - diploma_verifier - DEBUG - Chargement image : C:\Users\marwe\AppData\Local\Temp\diploma_4f3cd49aa5664456bd42c3f4dd258bc9.png
2026-05-01 01:00:24,510 - diploma_verifier - INFO - Image convertie — dimensions=2760x1504 | mode=RGB
2026-05-01 01:00:24,510 - diploma_verifier - DEBUG - Début du prétraitement de l'image
2026-05-01 01:00:24,689 - diploma_verifier - DEBUG - Prétraitement terminé — dimensions=2760x1504
2026-05-01 01:00:24,755 - diploma_verifier - ERROR - Erreur Tesseract : tesseract is not installed or it's not in your PATH. See README file for more information.
2026-05-01 01:00:24,756 - diploma_verifier - INFO - Analyse terminée — fichier=logoedubridge.png | pays=unknown | score=9.5 | verdict=low | durée=357ms | flags=[aucun]
2026-05-01 01:00:24,758 - diploma_verifier - DEBUG - Fichier temporaire supprimé : C:\Users\marwe\AppData\Local\Temp\diploma_4f3cd49aa5664456bd42c3f4dd258bc9.png
2026-05-01 01:00:26,620 - diploma_verifier - INFO - Requête de vérification reçue : logoedubridge.png
2026-05-01 01:00:26,620 - diploma_verifier - INFO - Validation du fichier : logoedubridge.png
2026-05-01 01:00:26,625 - diploma_verifier - DEBUG - Type MIME détecté : image/png
2026-05-01 01:00:26,627 - diploma_verifier - DEBUG - Fichier temporaire créé : C:\Users\marwe\AppData\Local\Temp\diploma_f12a5da06e8146d5a1b7961c90158732.png
2026-05-01 01:00:26,627 - diploma_verifier - INFO - Fichier validé — mime=image/png | taille=4923858 octets | chemin=C:\Users\marwe\AppData\Local\Temp\diploma_f12a5da06e8146d5a1b7961c90158732.png
2026-05-01 01:00:26,628 - diploma_verifier - INFO - Début de l'analyse : logoedubridge.png
2026-05-01 01:00:26,628 - diploma_verifier - DEBUG - Chargement image : C:\Users\marwe\AppData\Local\Temp\diploma_f12a5da06e8146d5a1b7961c90158732.png
2026-05-01 01:00:26,738 - diploma_verifier - INFO - Image convertie — dimensions=2760x1504 | mode=RGB
2026-05-01 01:00:26,738 - diploma_verifier - DEBUG - Début du prétraitement de l'image
2026-05-01 01:00:26,919 - diploma_verifier - DEBUG - Prétraitement terminé — dimensions=2760x1504
2026-05-01 01:00:26,985 - diploma_verifier - ERROR - Erreur Tesseract : tesseract is not installed or it's not in your PATH. See README file for more information.
2026-05-01 01:00:26,986 - diploma_verifier - INFO - Analyse terminée — fichier=logoedubridge.png | pays=unknown | score=23.0 | verdict=low | durée=358ms | flags=[aucun]
2026-05-01 01:00:26,989 - diploma_verifier - DEBUG - Fichier temporaire supprimé : C:\Users\marwe\AppData\Local\Temp\diploma_f12a5da06e8146d5a1b7961c90158732.png
2026-05-01 01:00:28,653 - diploma_verifier - INFO - Requête de vérification reçue : logoedubridge.png
2026-05-01 01:00:28,653 - diploma_verifier - INFO - Validation du fichier : logoedubridge.png
2026-05-01 01:00:28,657 - diploma_verifier - DEBUG - Type MIME détecté : image/png
2026-05-01 01:00:28,658 - diploma_verifier - DEBUG - Fichier temporaire créé : C:\Users\marwe\AppData\Local\Temp\diploma_bf6aed80030d4a608dc3cd7a70739f31.png
2026-05-01 01:00:28,660 - diploma_verifier - INFO - Fichier validé — mime=image/png | taille=4923858 octets | chemin=C:\Users\marwe\AppData\Local\Temp\diploma_bf6aed80030d4a608dc3cd7a70739f31.png
2026-05-01 01:00:28,660 - diploma_verifier - INFO - Début de l'analyse : logoedubridge.png
2026-05-01 01:00:28,660 - diploma_verifier - DEBUG - Chargement image : C:\Users\marwe\AppData\Local\Temp\diploma_bf6aed80030d4a608dc3cd7a70739f31.png
2026-05-01 01:00:28,769 - diploma_verifier - INFO - Image convertie — dimensions=2760x1504 | mode=RGB
2026-05-01 01:00:28,769 - diploma_verifier - DEBUG - Début du prétraitement de l'image
2026-05-01 01:00:28,948 - diploma_verifier - DEBUG - Prétraitement terminé — dimensions=2760x1504
2026-05-01 01:00:29,014 - diploma_verifier - ERROR - Erreur Tesseract : tesseract is not installed or it's not in your PATH. See README file for more information.
2026-05-01 01:00:29,015 - diploma_verifier - INFO - Analyse terminée — fichier=logoedubridge.png | pays=unknown | score=21.9 | verdict=low | durée=355ms | flags=[aucun]
2026-05-01 01:00:29,017 - diploma_verifier - DEBUG - Fichier temporaire supprimé : C:\Users\marwe\AppData\Local\Temp\diploma_bf6aed80030d4a608dc3cd7a70739f31.png
2026-05-01 01:00:30,422 - diploma_verifier - INFO - Requête de vérification reçue : logoedubridge.png
2026-05-01 01:00:30,422 - diploma_verifier - INFO - Validation du fichier : logoedubridge.png
2026-05-01 01:00:30,427 - diploma_verifier - DEBUG - Type MIME détecté : image/png
2026-05-01 01:00:30,429 - diploma_verifier - DEBUG - Fichier temporaire créé : C:\Users\marwe\AppData\Local\Temp\diploma_f2fa34dd73bb4760bf98e04957a848a6.png
2026-05-01 01:00:30,429 - diploma_verifier - INFO - Fichier validé — mime=image/png | taille=4923858 octets | chemin=C:\Users\marwe\AppData\Local\Temp\diploma_f2fa34dd73bb4760bf98e04957a848a6.png
2026-05-01 01:00:30,429 - diploma_verifier - INFO - Début de l'analyse : logoedubridge.png
2026-05-01 01:00:30,429 - diploma_verifier - DEBUG - Chargement image : C:\Users\marwe\AppData\Local\Temp\diploma_f2fa34dd73bb4760bf98e04957a848a6.png
2026-05-01 01:00:30,539 - diploma_verifier - INFO - Image convertie — dimensions=2760x1504 | mode=RGB
2026-05-01 01:00:30,539 - diploma_verifier - DEBUG - Début du prétraitement de l'image
2026-05-01 01:00:30,719 - diploma_verifier - DEBUG - Prétraitement terminé — dimensions=2760x1504
2026-05-01 01:00:30,785 - diploma_verifier - ERROR - Erreur Tesseract : tesseract is not installed or it's not in your PATH. See README file for more information.
2026-05-01 01:00:30,785 - diploma_verifier - INFO - Analyse terminée — fichier=logoedubridge.png | pays=unknown | score=21.4 | verdict=low | durée=355ms | flags=[aucun]
2026-05-01 01:00:30,789 - diploma_verifier - DEBUG - Fichier temporaire supprimé : C:\Users\marwe\AppData\Local\Temp\diploma_f2fa34dd73bb4760bf98e04957a848a6.png
2026-05-01 01:00:33,831 - diploma_verifier - INFO - Requête de vérification reçue : logoedubridge.png
2026-05-01 01:00:33,831 - diploma_verifier - INFO - Validation du fichier : logoedubridge.png
2026-05-01 01:00:33,834 - diploma_verifier - DEBUG - Type MIME détecté : image/png
2026-05-01 01:00:33,837 - diploma_verifier - DEBUG - Fichier temporaire créé : C:\Users\marwe\AppData\Local\Temp\diploma_2e6e4f11f9f8428ab717484b07ac023b.png
2026-05-01 01:00:33,837 - diploma_verifier - INFO - Fichier validé — mime=image/png | taille=4923858 octets | chemin=C:\Users\marwe\AppData\Local\Temp\diploma_2e6e4f11f9f8428ab717484b07ac023b.png
2026-05-01 01:00:33,838 - diploma_verifier - INFO - Début de l'analyse : logoedubridge.png
2026-05-01 01:00:33,838 - diploma_verifier - DEBUG - Chargement image : C:\Users\marwe\AppData\Local\Temp\diploma_2e6e4f11f9f8428ab717484b07ac023b.png
2026-05-01 01:00:33,947 - diploma_verifier - INFO - Image convertie — dimensions=2760x1504 | mode=RGB
2026-05-01 01:00:33,947 - diploma_verifier - DEBUG - Début du prétraitement de l'image
2026-05-01 01:00:34,126 - diploma_verifier - DEBUG - Prétraitement terminé — dimensions=2760x1504
2026-05-01 01:00:34,192 - diploma_verifier - ERROR - Erreur Tesseract : tesseract is not installed or it's not in your PATH. See README file for more information.
2026-05-01 01:00:34,192 - diploma_verifier - INFO - Analyse terminée — fichier=logoedubridge.png | pays=unknown | score=8.2 | verdict=low | durée=353ms | flags=[aucun]
2026-05-01 01:00:34,193 - diploma_verifier - DEBUG - Fichier temporaire supprimé : C:\Users\marwe\AppData\Local\Temp\diploma_2e6e4f11f9f8428ab717484b07ac023b.png
2026-05-01 01:01:06,548 - diploma_verifier - INFO - Requête de vérification reçue : diplome bac.png
2026-05-01 01:01:06,548 - diploma_verifier - INFO - Validation du fichier : diplome bac.png
2026-05-01 01:01:06,550 - diploma_verifier - DEBUG - Type MIME détecté : image/png
2026-05-01 01:01:06,553 - diploma_verifier - DEBUG - Fichier temporaire créé : C:\Users\marwe\AppData\Local\Temp\diploma_21509dcf1a6d47329af25536eec6877e.png
2026-05-01 01:01:06,553 - diploma_verifier - INFO - Fichier validé — mime=image/png | taille=732666 octets | chemin=C:\Users\marwe\AppData\Local\Temp\diploma_21509dcf1a6d47329af25536eec6877e.png
2026-05-01 01:01:06,554 - diploma_verifier - INFO - Début de l'analyse : diplome bac.png
2026-05-01 01:01:06,554 - diploma_verifier - DEBUG - Chargement image : C:\Users\marwe\AppData\Local\Temp\diploma_21509dcf1a6d47329af25536eec6877e.png
2026-05-01 01:01:06,583 - diploma_verifier - INFO - Image convertie — dimensions=1200x869 | mode=RGB
2026-05-01 01:01:06,585 - diploma_verifier - DEBUG - Début du prétraitement de l'image
2026-05-01 01:01:06,630 - diploma_verifier - DEBUG - Prétraitement terminé — dimensions=1200x869
2026-05-01 01:01:06,656 - diploma_verifier - ERROR - Erreur Tesseract : tesseract is not installed or it's not in your PATH. See README file for more information.
2026-05-01 01:01:06,657 - diploma_verifier - INFO - Analyse terminée — fichier=diplome bac.png | pays=unknown | score=18.5 | verdict=low | durée=104ms | flags=[aucun]
2026-05-01 01:01:06,658 - diploma_verifier - DEBUG - Fichier temporaire supprimé : C:\Users\marwe\AppData\Local\Temp\diploma_21509dcf1a6d47329af25536eec6877e.png
2026-05-01 01:01:20,789 - diploma_verifier - INFO - Requête de vérification reçue : Gemini_Generated_Image_atz4eeatz4eeatz4.png
2026-05-01 01:01:20,789 - diploma_verifier - INFO - Validation du fichier : Gemini_Generated_Image_atz4eeatz4eeatz4.png
2026-05-01 01:01:20,793 - diploma_verifier - DEBUG - Type MIME détecté : image/png
2026-05-01 01:01:20,796 - diploma_verifier - DEBUG - Fichier temporaire créé : C:\Users\marwe\AppData\Local\Temp\diploma_b1ed4ef6a6494327b189ae693336b3b3.png
2026-05-01 01:01:20,798 - diploma_verifier - INFO - Fichier validé — mime=image/png | taille=6399296 octets | chemin=C:\Users\marwe\AppData\Local\Temp\diploma_b1ed4ef6a6494327b189ae693336b3b3.png
2026-05-01 01:01:20,798 - diploma_verifier - INFO - Début de l'analyse : Gemini_Generated_Image_atz4eeatz4eeatz4.png
2026-05-01 01:01:20,798 - diploma_verifier - DEBUG - Chargement image : C:\Users\marwe\AppData\Local\Temp\diploma_b1ed4ef6a6494327b189ae693336b3b3.png
2026-05-01 01:01:20,914 - diploma_verifier - INFO - Image convertie — dimensions=2888x1472 | mode=RGB
2026-05-01 01:01:20,917 - diploma_verifier - DEBUG - Début du prétraitement de l'image
2026-05-01 01:01:21,096 - diploma_verifier - DEBUG - Prétraitement terminé — dimensions=2888x1472
2026-05-01 01:01:21,168 - diploma_verifier - ERROR - Erreur Tesseract : tesseract is not installed or it's not in your PATH. See README file for more information.
2026-05-01 01:01:21,169 - diploma_verifier - INFO - Analyse terminée — fichier=Gemini_Generated_Image_atz4eeatz4eeatz4.png | pays=unknown | score=22.1 | verdict=low | durée=370ms | flags=[aucun]
2026-05-01 01:01:21,171 - diploma_verifier - DEBUG - Fichier temporaire supprimé : C:\Users\marwe\AppData\Local\Temp\diploma_b1ed4ef6a6494327b189ae693336b3b3.png
2026-05-01 01:02:11,557 - diploma_verifier - INFO - Requête de vérification reçue : diplome bac.png
2026-05-01 01:02:11,557 - diploma_verifier - INFO - Validation du fichier : diplome bac.png
2026-05-01 01:02:11,558 - diploma_verifier - DEBUG - Type MIME détecté : image/png
2026-05-01 01:02:11,560 - diploma_verifier - DEBUG - Fichier temporaire créé : C:\Users\marwe\AppData\Local\Temp\diploma_7ddbd3d198b146d8b695dea5ff6115cb.png
2026-05-01 01:02:11,560 - diploma_verifier - INFO - Fichier validé — mime=image/png | taille=732666 octets | chemin=C:\Users\marwe\AppData\Local\Temp\diploma_7ddbd3d198b146d8b695dea5ff6115cb.png
2026-05-01 01:02:11,561 - diploma_verifier - INFO - Début de l'analyse : diplome bac.png
2026-05-01 01:02:11,561 - diploma_verifier - DEBUG - Chargement image : C:\Users\marwe\AppData\Local\Temp\diploma_7ddbd3d198b146d8b695dea5ff6115cb.png
2026-05-01 01:02:11,592 - diploma_verifier - INFO - Image convertie — dimensions=1200x869 | mode=RGB
2026-05-01 01:02:11,592 - diploma_verifier - DEBUG - Début du prétraitement de l'image
2026-05-01 01:02:11,636 - diploma_verifier - DEBUG - Prétraitement terminé — dimensions=1200x869
2026-05-01 01:02:11,663 - diploma_verifier - ERROR - Erreur Tesseract : tesseract is not installed or it's not in your PATH. See README file for more information.
2026-05-01 01:02:11,664 - diploma_verifier - INFO - Analyse terminée — fichier=diplome bac.png | pays=unknown | score=13.8 | verdict=low | durée=102ms | flags=[aucun]
2026-05-01 01:02:11,664 - diploma_verifier - DEBUG - Fichier temporaire supprimé : C:\Users\marwe\AppData\Local\Temp\diploma_7ddbd3d198b146d8b695dea5ff6115cb.png
2026-05-01 01:02:23,796 - diploma_verifier - INFO - Requête de vérification reçue : diplome hbib.jpg
2026-05-01 01:02:23,796 - diploma_verifier - INFO - Validation du fichier : diplome hbib.jpg
2026-05-01 01:02:23,798 - diploma_verifier - DEBUG - Type MIME détecté : image/jpeg
2026-05-01 01:02:23,800 - diploma_verifier - DEBUG - Fichier temporaire créé : C:\Users\marwe\AppData\Local\Temp\diploma_4ebe305c188a452180961e0cc3e76f3c.jpg
2026-05-01 01:02:23,800 - diploma_verifier - INFO - Fichier validé — mime=image/jpeg | taille=258481 octets | chemin=C:\Users\marwe\AppData\Local\Temp\diploma_4ebe305c188a452180961e0cc3e76f3c.jpg
2026-05-01 01:02:23,800 - diploma_verifier - INFO - Début de l'analyse : diplome hbib.jpg
2026-05-01 01:02:23,800 - diploma_verifier - DEBUG - Chargement image : C:\Users\marwe\AppData\Local\Temp\diploma_4ebe305c188a452180961e0cc3e76f3c.jpg
2026-05-01 01:02:23,840 - diploma_verifier - INFO - Image convertie — dimensions=1478x2047 | mode=RGB
2026-05-01 01:02:23,840 - diploma_verifier - DEBUG - Début du prétraitement de l'image
2026-05-01 01:02:23,972 - diploma_verifier - DEBUG - Prétraitement terminé — dimensions=1478x2047
2026-05-01 01:02:24,038 - diploma_verifier - ERROR - Erreur Tesseract : tesseract is not installed or it's not in your PATH. See README file for more information.
2026-05-01 01:02:24,038 - diploma_verifier - INFO - Analyse terminée — fichier=diplome hbib.jpg | pays=unknown | score=9.6 | verdict=low | durée=237ms | flags=[aucun]
2026-05-01 01:02:24,039 - diploma_verifier - DEBUG - Fichier temporaire supprimé : C:\Users\marwe\AppData\Local\Temp\diploma_4ebe305c188a452180961e0cc3e76f3c.jpg
2026-05-01 09:03:41,633 - diploma_verifier - INFO - Scoring DIAG — raw=89.5 | noise=-0.64 | final=88.9 | confidence=high | ocr_conf=0.800 | dynamic_weights={'has_person_name': 0.18, 'has_institution': 0.18, 'has_degree_keyword': 0.14, 'has_date': 0.1, 'official_mention': 0.1, 'signature_confidence': 0.15, 'stamp_confidence': 0.15}
2026-05-01 09:03:41,635 - diploma_verifier - INFO - Scoring DIAG — raw=89.5 | noise=-0.64 | final=88.9 | confidence=high | ocr_conf=0.800 | dynamic_weights={'has_person_name': 0.18, 'has_institution': 0.18, 'has_degree_keyword': 0.14, 'has_date': 0.1, 'official_mention': 0.1, 'signature_confidence': 0.15, 'stamp_confidence': 0.15}
2026-05-01 09:03:41,635 - diploma_verifier - INFO - Scoring DIAG — raw=89.5 | noise=-0.64 | final=88.9 | confidence=high | ocr_conf=0.800 | dynamic_weights={'has_person_name': 0.18, 'has_institution': 0.18, 'has_degree_keyword': 0.14, 'has_date': 0.1, 'official_mention': 0.1, 'signature_confidence': 0.15, 'stamp_confidence': 0.15}
2026-05-01 09:03:41,635 - diploma_verifier - INFO - Scoring DIAG — raw=89.5 | noise=-0.64 | final=88.9 | confidence=high | ocr_conf=0.800 | dynamic_weights={'has_person_name': 0.18, 'has_institution': 0.18, 'has_degree_keyword': 0.14, 'has_date': 0.1, 'official_mention': 0.1, 'signature_confidence': 0.15, 'stamp_confidence': 0.15}
2026-05-01 09:03:41,635 - diploma_verifier - INFO - Scoring DIAG — raw=89.5 | noise=-0.64 | final=88.9 | confidence=high | ocr_conf=0.800 | dynamic_weights={'has_person_name': 0.18, 'has_institution': 0.18, 'has_degree_keyword': 0.14, 'has_date': 0.1, 'official_mention': 0.1, 'signature_confidence': 0.15, 'stamp_confidence': 0.15}
2026-05-01 09:03:41,636 - diploma_verifier - INFO - Scoring DIAG — raw=0.0 | noise=-2.91 | final=3.0 | confidence=low | ocr_conf=0.000 | dynamic_weights={'has_person_name': 0.0, 'has_institution': 0.0, 'has_degree_keyword': 0.0, 'has_date': 0.0, 'official_mention': 0.0, 'signature_confidence': 0.5, 'stamp_confidence': 0.5}
2026-05-01 09:03:41,637 - diploma_verifier - INFO - Scoring DIAG — raw=85.0 | noise=-2.91 | final=82.1 | confidence=high | ocr_conf=0.000 | dynamic_weights={'has_person_name': 0.0, 'has_institution': 0.0, 'has_degree_keyword': 0.0, 'has_date': 0.0, 'official_mention': 0.0, 'signature_confidence': 0.5, 'stamp_confidence': 0.5}
2026-05-01 09:19:20,920 - diploma_verifier - INFO - Analyse texte V4 — nom=True | institution=True | diplôme=True | date=True | phrases=True | semantic=1.000 | struct=4 | density=0.065 | confiance=0.76
2026-05-01 09:19:20,921 - diploma_verifier - INFO - Analyse texte V4 — nom=False | institution=False | diplôme=False | date=False | phrases=False | semantic=0.000 | struct=0 | density=0.000 | confiance=0.00
2026-05-01 09:19:20,922 - diploma_verifier - DEBUG - Structure boost: 91.2 → 102.1 (count=4)
2026-05-01 09:19:20,922 - diploma_verifier - INFO - Scoring V4 DIAG — raw=91.2 | noise=-0.06 | final=98.0 | confidence=high | ocr_conf=0.850 | semantic=0.900 | struct=4 | weights={'has_person_name': 0.15, 'has_institution': 0.15, 'has_degree_keyword': 0.12, 'has_date': 0.08, 'official_mention': 0.08, 'certification_phrase': 0.07, 'signature_confidence': 0.18, 'stamp_confidence': 0.17}
2026-05-01 09:19:20,923 - diploma_verifier - DEBUG - Structure penalty: 23.8 → 19.0 (count=1)
2026-05-01 09:19:20,923 - diploma_verifier - INFO - Scoring V4 DIAG — raw=23.8 | noise=1.42 | final=20.5 | confidence=low | ocr_conf=0.500 | semantic=0.150 | struct=1 | weights={'has_person_name': 0.15, 'has_institution': 0.15, 'has_degree_keyword': 0.12, 'has_date': 0.08, 'official_mention': 0.08, 'certification_phrase': 0.07, 'signature_confidence': 0.18, 'stamp_confidence': 0.17}
2026-05-01 09:19:20,923 - diploma_verifier - DEBUG - Structure penalty: 7.4 → 5.9 (count=0)
2026-05-01 09:19:20,923 - diploma_verifier - INFO - Scoring V4 DIAG — raw=7.4 | noise=-2.91 | final=3.0 | confidence=low | ocr_conf=0.000 | semantic=0.000 | struct=0 | weights={'has_person_name': 0.0, 'has_institution': 0.0, 'has_degree_keyword': 0.0, 'has_date': 0.0, 'official_mention': 0.0, 'certification_phrase': 0.0, 'signature_confidence': 0.514, 'stamp_confidence': 0.486}
2026-05-01 09:19:20,924 - diploma_verifier - DEBUG - Structure penalty: 46.4 → 37.1 (count=0)
2026-05-01 09:19:20,924 - diploma_verifier - INFO - Anti-fake: suspicious visual-only ceiling applied (37.1 → 35.0)
2026-05-01 09:19:20,924 - diploma_verifier - DEBUG - Confidence downgrade: medium → low (semantic=0.00)
2026-05-01 09:19:20,925 - diploma_verifier - INFO - Scoring V4 DIAG — raw=46.4 | noise=-2.91 | final=32.1 | confidence=low | ocr_conf=0.000 | semantic=0.000 | struct=0 | weights={'has_person_name': 0.0, 'has_institution': 0.0, 'has_degree_keyword': 0.0, 'has_date': 0.0, 'official_mention': 0.0, 'certification_phrase': 0.0, 'signature_confidence': 0.514, 'stamp_confidence': 0.486}
2026-05-01 09:19:20,925 - diploma_verifier - INFO - Anti-fake: keyword density penalty (35.3 → 26.5 | density=0.000)
2026-05-01 09:19:20,925 - diploma_verifier - INFO - Scoring V4 DIAG — raw=35.3 | noise=-2.96 | final=23.5 | confidence=low | ocr_conf=0.600 | semantic=0.100 | struct=2 | weights={'has_person_name': 0.15, 'has_institution': 0.15, 'has_degree_keyword': 0.12, 'has_date': 0.08, 'official_mention': 0.08, 'certification_phrase': 0.07, 'signature_confidence': 0.18, 'stamp_confidence': 0.17}
2026-05-01 09:19:20,925 - diploma_verifier - DEBUG - Structure boost: 91.2 → 102.1 (count=4)
2026-05-01 09:19:20,926 - diploma_verifier - INFO - Scoring V4 DIAG — raw=91.2 | noise=-0.06 | final=98.0 | confidence=high | ocr_conf=0.850 | semantic=0.900 | struct=4 | weights={'has_person_name': 0.15, 'has_institution': 0.15, 'has_degree_keyword': 0.12, 'has_date': 0.08, 'official_mention': 0.08, 'certification_phrase': 0.07, 'signature_confidence': 0.18, 'stamp_confidence': 0.17}
2026-05-01 09:19:20,926 - diploma_verifier - DEBUG - Structure boost: 91.2 → 102.1 (count=4)
2026-05-01 09:19:20,926 - diploma_verifier - INFO - Scoring V4 DIAG — raw=91.2 | noise=-0.06 | final=98.0 | confidence=high | ocr_conf=0.850 | semantic=0.900 | struct=4 | weights={'has_person_name': 0.15, 'has_institution': 0.15, 'has_degree_keyword': 0.12, 'has_date': 0.08, 'official_mention': 0.08, 'certification_phrase': 0.07, 'signature_confidence': 0.18, 'stamp_confidence': 0.17}
2026-05-01 09:19:20,926 - diploma_verifier - DEBUG - Structure boost: 91.2 → 102.1 (count=4)
2026-05-01 09:19:20,927 - diploma_verifier - INFO - Scoring V4 DIAG — raw=91.2 | noise=-0.06 | final=98.0 | confidence=high | ocr_conf=0.850 | semantic=0.900 | struct=4 | weights={'has_person_name': 0.15, 'has_institution': 0.15, 'has_degree_keyword': 0.12, 'has_date': 0.08, 'official_mention': 0.08, 'certification_phrase': 0.07, 'signature_confidence': 0.18, 'stamp_confidence': 0.17}
2026-05-01 09:19:20,927 - diploma_verifier - DEBUG - Structure boost: 91.2 → 102.1 (count=4)
2026-05-01 09:19:20,927 - diploma_verifier - INFO - Scoring V4 DIAG — raw=91.2 | noise=-0.06 | final=98.0 | confidence=high | ocr_conf=0.850 | semantic=0.900 | struct=4 | weights={'has_person_name': 0.15, 'has_institution': 0.15, 'has_degree_keyword': 0.12, 'has_date': 0.08, 'official_mention': 0.08, 'certification_phrase': 0.07, 'signature_confidence': 0.18, 'stamp_confidence': 0.17}
2026-05-01 09:19:20,928 - diploma_verifier - DEBUG - Structure boost: 91.2 → 102.1 (count=4)
2026-05-01 09:19:20,928 - diploma_verifier - INFO - Scoring V4 DIAG — raw=91.2 | noise=-0.06 | final=98.0 | confidence=high | ocr_conf=0.850 | semantic=0.900 | struct=4 | weights={'has_person_name': 0.15, 'has_institution': 0.15, 'has_degree_keyword': 0.12, 'has_date': 0.08, 'official_mention': 0.08, 'certification_phrase': 0.07, 'signature_confidence': 0.18, 'stamp_confidence': 0.17}
2026-05-01 09:19:20,928 - diploma_verifier - DEBUG - Confidence override: medium → high (semantic=0.80, score=60.0)
2026-05-01 09:19:20,928 - diploma_verifier - DEBUG - Confidence downgrade: high → medium (semantic=0.20)
2026-05-01 09:19:20,928 - diploma_verifier - DEBUG - Confidence downgrade: medium → low (semantic=0.10)
2026-05-01 22:03:27,724 - diploma_verifier - INFO - Démarrage du service Diploma Verifier v2...
2026-05-01 22:03:27,743 - diploma_verifier - INFO - Tesseract trouvé (version 5.4.0.20240606)
2026-05-01 22:03:33,115 - diploma_verifier - INFO - Chargement du modèle spaCy fr_core_news_sm...
2026-05-01 22:03:36,437 - diploma_verifier - INFO - Chargement du modèle spaCy xx_ent_wiki_sm...
2026-05-01 22:03:37,876 - diploma_verifier - INFO - Modèles spaCy chargés avec succès
2026-05-01 22:03:37,877 - diploma_verifier - INFO - Service démarré — prêt à recevoir des requêtes
2026-05-01 22:04:31,333 - diploma_verifier - INFO - Requête de vérification reçue : diplome hbib.pdf
2026-05-01 22:04:31,333 - diploma_verifier - INFO - Validation du fichier : diplome hbib.pdf
2026-05-01 22:04:31,351 - diploma_verifier - DEBUG - Type MIME détecté : application/pdf
2026-05-01 22:04:31,353 - diploma_verifier - DEBUG - Fichier temporaire créé : C:\Users\marwe\AppData\Local\Temp\diploma_456ed77bc5cb4799a0f3dbc0b8eef0f0.pdf
2026-05-01 22:04:31,354 - diploma_verifier - INFO - Fichier validé — mime=application/pdf | taille=191636 octets | chemin=C:\Users\marwe\AppData\Local\Temp\diploma_456ed77bc5cb4799a0f3dbc0b8eef0f0.pdf
2026-05-01 22:04:31,354 - diploma_verifier - INFO - Début de l'analyse : diplome hbib.pdf
2026-05-01 22:04:31,355 - diploma_verifier - DEBUG - Conversion PDF → image à 300 DPI : C:\Users\marwe\AppData\Local\Temp\diploma_456ed77bc5cb4799a0f3dbc0b8eef0f0.pdf
2026-05-01 22:04:32,873 - diploma_verifier - INFO - Image convertie — dimensions=2480x3509 | mode=RGB
2026-05-01 22:04:32,874 - diploma_verifier - DEBUG - Début du prétraitement de l'image
2026-05-01 22:04:33,324 - diploma_verifier - DEBUG - Prétraitement terminé — dimensions=2480x3509
2026-05-01 22:04:33,488 - diploma_verifier - ERROR - Erreur Tesseract : tesseract is not installed or it's not in your PATH. See README file for more information.
2026-05-01 22:04:33,489 - diploma_verifier - INFO - Analyse terminée — fichier=diplome hbib.pdf | pays=unknown | score=17.4 | verdict=low | durée=2135ms | flags=[aucun]
2026-05-01 22:04:33,493 - diploma_verifier - DEBUG - Fichier temporaire supprimé : C:\Users\marwe\AppData\Local\Temp\diploma_456ed77bc5cb4799a0f3dbc0b8eef0f0.pdf
2026-05-01 22:04:48,022 - diploma_verifier - INFO - Requête de vérification reçue : diplome hbib.pdf
2026-05-01 22:04:48,023 - diploma_verifier - INFO - Validation du fichier : diplome hbib.pdf
2026-05-01 22:04:48,029 - diploma_verifier - DEBUG - Type MIME détecté : application/pdf
2026-05-01 22:04:48,031 - diploma_verifier - DEBUG - Fichier temporaire créé : C:\Users\marwe\AppData\Local\Temp\diploma_661b507d26834fd4b87339a9f1d0c0d6.pdf
2026-05-01 22:04:48,033 - diploma_verifier - INFO - Fichier validé — mime=application/pdf | taille=191636 octets | chemin=C:\Users\marwe\AppData\Local\Temp\diploma_661b507d26834fd4b87339a9f1d0c0d6.pdf
2026-05-01 22:04:48,034 - diploma_verifier - INFO - Début de l'analyse : diplome hbib.pdf
2026-05-01 22:04:48,034 - diploma_verifier - DEBUG - Conversion PDF → image à 300 DPI : C:\Users\marwe\AppData\Local\Temp\diploma_661b507d26834fd4b87339a9f1d0c0d6.pdf
2026-05-01 22:04:49,313 - diploma_verifier - INFO - Image convertie — dimensions=2480x3509 | mode=RGB
2026-05-01 22:04:49,313 - diploma_verifier - DEBUG - Début du prétraitement de l'image
2026-05-01 22:04:49,762 - diploma_verifier - DEBUG - Prétraitement terminé — dimensions=2480x3509
2026-05-01 22:04:49,915 - diploma_verifier - ERROR - Erreur Tesseract : tesseract is not installed or it's not in your PATH. See README file for more information.
2026-05-01 22:04:49,915 - diploma_verifier - INFO - Analyse terminée — fichier=diplome hbib.pdf | pays=unknown | score=15.9 | verdict=low | durée=1881ms | flags=[aucun]
2026-05-01 22:04:49,920 - diploma_verifier - DEBUG - Fichier temporaire supprimé : C:\Users\marwe\AppData\Local\Temp\diploma_661b507d26834fd4b87339a9f1d0c0d6.pdf
2026-05-01 22:04:51,929 - diploma_verifier - INFO - Requête de vérification reçue : diplome hbib.pdf
2026-05-01 22:04:51,929 - diploma_verifier - INFO - Validation du fichier : diplome hbib.pdf
2026-05-01 22:04:51,933 - diploma_verifier - DEBUG - Type MIME détecté : application/pdf
2026-05-01 22:04:51,933 - diploma_verifier - DEBUG - Fichier temporaire créé : C:\Users\marwe\AppData\Local\Temp\diploma_a4c09678704d4ff2b47a1a14671d029a.pdf
2026-05-01 22:04:51,933 - diploma_verifier - INFO - Fichier validé — mime=application/pdf | taille=191636 octets | chemin=C:\Users\marwe\AppData\Local\Temp\diploma_a4c09678704d4ff2b47a1a14671d029a.pdf
2026-05-01 22:04:51,935 - diploma_verifier - INFO - Début de l'analyse : diplome hbib.pdf
2026-05-01 22:04:51,935 - diploma_verifier - DEBUG - Conversion PDF → image à 300 DPI : C:\Users\marwe\AppData\Local\Temp\diploma_a4c09678704d4ff2b47a1a14671d029a.pdf
2026-05-01 22:04:53,085 - diploma_verifier - INFO - Image convertie — dimensions=2480x3509 | mode=RGB
2026-05-01 22:04:53,085 - diploma_verifier - DEBUG - Début du prétraitement de l'image
2026-05-01 22:04:53,517 - diploma_verifier - DEBUG - Prétraitement terminé — dimensions=2480x3509
2026-05-01 22:04:53,671 - diploma_verifier - ERROR - Erreur Tesseract : tesseract is not installed or it's not in your PATH. See README file for more information.
2026-05-01 22:04:53,671 - diploma_verifier - INFO - Analyse terminée — fichier=diplome hbib.pdf | pays=unknown | score=16.8 | verdict=low | durée=1736ms | flags=[aucun]
2026-05-01 22:04:53,674 - diploma_verifier - DEBUG - Fichier temporaire supprimé : C:\Users\marwe\AppData\Local\Temp\diploma_a4c09678704d4ff2b47a1a14671d029a.pdf
2026-05-01 22:04:55,375 - diploma_verifier - INFO - Requête de vérification reçue : diplome hbib.pdf
2026-05-01 22:04:55,376 - diploma_verifier - INFO - Validation du fichier : diplome hbib.pdf
2026-05-01 22:04:55,379 - diploma_verifier - DEBUG - Type MIME détecté : application/pdf
2026-05-01 22:04:55,381 - diploma_verifier - DEBUG - Fichier temporaire créé : C:\Users\marwe\AppData\Local\Temp\diploma_daa47df348e34cd6adadbc0aa94d6c8f.pdf
2026-05-01 22:04:55,381 - diploma_verifier - INFO - Fichier validé — mime=application/pdf | taille=191636 octets | chemin=C:\Users\marwe\AppData\Local\Temp\diploma_daa47df348e34cd6adadbc0aa94d6c8f.pdf
2026-05-01 22:04:55,381 - diploma_verifier - INFO - Début de l'analyse : diplome hbib.pdf
2026-05-01 22:04:55,382 - diploma_verifier - DEBUG - Conversion PDF → image à 300 DPI : C:\Users\marwe\AppData\Local\Temp\diploma_daa47df348e34cd6adadbc0aa94d6c8f.pdf
2026-05-01 22:04:56,767 - diploma_verifier - INFO - Image convertie — dimensions=2480x3509 | mode=RGB
2026-05-01 22:04:56,767 - diploma_verifier - DEBUG - Début du prétraitement de l'image
2026-05-01 22:04:57,208 - diploma_verifier - DEBUG - Prétraitement terminé — dimensions=2480x3509
2026-05-01 22:04:57,363 - diploma_verifier - ERROR - Erreur Tesseract : tesseract is not installed or it's not in your PATH. See README file for more information.
2026-05-01 22:04:57,364 - diploma_verifier - INFO - Analyse terminée — fichier=diplome hbib.pdf | pays=unknown | score=19.1 | verdict=low | durée=1982ms | flags=[aucun]
2026-05-01 22:04:57,367 - diploma_verifier - DEBUG - Fichier temporaire supprimé : C:\Users\marwe\AppData\Local\Temp\diploma_daa47df348e34cd6adadbc0aa94d6c8f.pdf
2026-05-01 22:05:02,441 - diploma_verifier - INFO - Requête de vérification reçue : diplome bac.png
2026-05-01 22:05:02,441 - diploma_verifier - INFO - Validation du fichier : diplome bac.png
2026-05-01 22:05:02,446 - diploma_verifier - DEBUG - Type MIME détecté : image/png
2026-05-01 22:05:02,449 - diploma_verifier - DEBUG - Fichier temporaire créé : C:\Users\marwe\AppData\Local\Temp\diploma_2ae36f61c1544d70ba5205a2973008cc.png
2026-05-01 22:05:02,449 - diploma_verifier - INFO - Fichier validé — mime=image/png | taille=732666 octets | chemin=C:\Users\marwe\AppData\Local\Temp\diploma_2ae36f61c1544d70ba5205a2973008cc.png
2026-05-01 22:05:02,449 - diploma_verifier - INFO - Début de l'analyse : diplome bac.png
2026-05-01 22:05:02,449 - diploma_verifier - DEBUG - Chargement image : C:\Users\marwe\AppData\Local\Temp\diploma_2ae36f61c1544d70ba5205a2973008cc.png
2026-05-01 22:05:02,485 - diploma_verifier - INFO - Image convertie — dimensions=1200x869 | mode=RGB
2026-05-01 22:05:02,485 - diploma_verifier - DEBUG - Début du prétraitement de l'image
2026-05-01 22:05:02,551 - diploma_verifier - DEBUG - Prétraitement terminé — dimensions=1200x869
2026-05-01 22:05:02,583 - diploma_verifier - ERROR - Erreur Tesseract : tesseract is not installed or it's not in your PATH. See README file for more information.
2026-05-01 22:05:02,583 - diploma_verifier - INFO - Analyse terminée — fichier=diplome bac.png | pays=unknown | score=20.1 | verdict=low | durée=133ms | flags=[aucun]
2026-05-01 22:05:02,587 - diploma_verifier - DEBUG - Fichier temporaire supprimé : C:\Users\marwe\AppData\Local\Temp\diploma_2ae36f61c1544d70ba5205a2973008cc.png
2026-05-01 22:05:33,861 - diploma_verifier - INFO - Requête de vérification reçue : diplomes-160107163453-thumbnail.jpg
2026-05-01 22:05:33,861 - diploma_verifier - INFO - Validation du fichier : diplomes-160107163453-thumbnail.jpg
2026-05-01 22:05:33,863 - diploma_verifier - DEBUG - Type MIME détecté : image/jpeg
2026-05-01 22:05:33,865 - diploma_verifier - DEBUG - Fichier temporaire créé : C:\Users\marwe\AppData\Local\Temp\diploma_0b956f39ee154a31a18c3b926b3d6851.jpg
2026-05-01 22:05:33,865 - diploma_verifier - INFO - Fichier validé — mime=image/jpeg | taille=45870 octets | chemin=C:\Users\marwe\AppData\Local\Temp\diploma_0b956f39ee154a31a18c3b926b3d6851.jpg
2026-05-01 22:05:33,865 - diploma_verifier - INFO - Début de l'analyse : diplomes-160107163453-thumbnail.jpg
2026-05-01 22:05:33,867 - diploma_verifier - DEBUG - Chargement image : C:\Users\marwe\AppData\Local\Temp\diploma_0b956f39ee154a31a18c3b926b3d6851.jpg
2026-05-01 22:05:33,883 - diploma_verifier - INFO - Image convertie — dimensions=640x469 | mode=RGB
2026-05-01 22:05:33,883 - diploma_verifier - DEBUG - Début du prétraitement de l'image
2026-05-01 22:05:33,898 - diploma_verifier - DEBUG - Prétraitement terminé — dimensions=640x469
2026-05-01 22:05:33,921 - diploma_verifier - ERROR - Erreur Tesseract : tesseract is not installed or it's not in your PATH. See README file for more information.
2026-05-01 22:05:33,922 - diploma_verifier - INFO - Analyse terminée — fichier=diplomes-160107163453-thumbnail.jpg | pays=unknown | score=24.3 | verdict=low | durée=57ms | flags=[aucun]
2026-05-01 22:05:33,922 - diploma_verifier - DEBUG - Fichier temporaire supprimé : C:\Users\marwe\AppData\Local\Temp\diploma_0b956f39ee154a31a18c3b926b3d6851.jpg
2026-05-01 22:05:39,504 - diploma_verifier - INFO - Requête de vérification reçue : Diplome-bac-1-320.webp
2026-05-01 22:05:39,504 - diploma_verifier - INFO - Validation du fichier : Diplome-bac-1-320.webp
2026-05-01 22:05:39,505 - diploma_verifier - WARNING - Validation échouée pour Diplome-bac-1-320.webp : Extension non autorisée : .webp. Extensions acceptées : ['.pdf', '.jpg', '.jpeg', '.png']
2026-05-01 22:05:48,064 - diploma_verifier - INFO - Requête de vérification reçue : logoedu.png
2026-05-01 22:05:48,065 - diploma_verifier - INFO - Validation du fichier : logoedu.png
2026-05-01 22:05:48,067 - diploma_verifier - DEBUG - Type MIME détecté : image/png
2026-05-01 22:05:48,069 - diploma_verifier - DEBUG - Fichier temporaire créé : C:\Users\marwe\AppData\Local\Temp\diploma_53949669894c4fe38ac90596e84b1de1.png
2026-05-01 22:05:48,069 - diploma_verifier - INFO - Fichier validé — mime=image/png | taille=91663 octets | chemin=C:\Users\marwe\AppData\Local\Temp\diploma_53949669894c4fe38ac90596e84b1de1.png
2026-05-01 22:05:48,069 - diploma_verifier - INFO - Début de l'analyse : logoedu.png
2026-05-01 22:05:48,070 - diploma_verifier - DEBUG - Chargement image : C:\Users\marwe\AppData\Local\Temp\diploma_53949669894c4fe38ac90596e84b1de1.png
2026-05-01 22:05:48,084 - diploma_verifier - INFO - Image convertie — dimensions=677x369 | mode=RGB
2026-05-01 22:05:48,084 - diploma_verifier - DEBUG - Début du prétraitement de l'image
2026-05-01 22:05:48,098 - diploma_verifier - DEBUG - Prétraitement terminé — dimensions=677x369
2026-05-01 22:05:48,117 - diploma_verifier - ERROR - Erreur Tesseract : tesseract is not installed or it's not in your PATH. See README file for more information.
2026-05-01 22:05:48,118 - diploma_verifier - INFO - Analyse terminée — fichier=logoedu.png | pays=unknown | score=17.8 | verdict=low | durée=47ms | flags=[aucun]
2026-05-01 22:05:48,118 - diploma_verifier - DEBUG - Fichier temporaire supprimé : C:\Users\marwe\AppData\Local\Temp\diploma_53949669894c4fe38ac90596e84b1de1.png
2026-05-01 22:06:06,744 - diploma_verifier - INFO - Requête de vérification reçue : diplome hbib.jpg
2026-05-01 22:06:06,744 - diploma_verifier - INFO - Validation du fichier : diplome hbib.jpg
2026-05-01 22:06:06,748 - diploma_verifier - DEBUG - Type MIME détecté : image/jpeg
2026-05-01 22:06:06,750 - diploma_verifier - DEBUG - Fichier temporaire créé : C:\Users\marwe\AppData\Local\Temp\diploma_325aa8d10ea04e6ab0f5835b81776194.jpg
2026-05-01 22:06:06,750 - diploma_verifier - INFO - Fichier validé — mime=image/jpeg | taille=258481 octets | chemin=C:\Users\marwe\AppData\Local\Temp\diploma_325aa8d10ea04e6ab0f5835b81776194.jpg
2026-05-01 22:06:06,751 - diploma_verifier - INFO - Début de l'analyse : diplome hbib.jpg
2026-05-01 22:06:06,751 - diploma_verifier - DEBUG - Chargement image : C:\Users\marwe\AppData\Local\Temp\diploma_325aa8d10ea04e6ab0f5835b81776194.jpg
2026-05-01 22:06:06,797 - diploma_verifier - INFO - Image convertie — dimensions=1478x2047 | mode=RGB
2026-05-01 22:06:06,797 - diploma_verifier - DEBUG - Début du prétraitement de l'image
2026-05-01 22:06:06,933 - diploma_verifier - DEBUG - Prétraitement terminé — dimensions=1478x2047
2026-05-01 22:06:07,001 - diploma_verifier - ERROR - Erreur Tesseract : tesseract is not installed or it's not in your PATH. See README file for more information.
2026-05-01 22:06:07,001 - diploma_verifier - INFO - Analyse terminée — fichier=diplome hbib.jpg | pays=unknown | score=20.2 | verdict=low | durée=250ms | flags=[aucun]
2026-05-01 22:06:07,005 - diploma_verifier - DEBUG - Fichier temporaire supprimé : C:\Users\marwe\AppData\Local\Temp\diploma_325aa8d10ea04e6ab0f5835b81776194.jpg
2026-05-01 22:16:38,339 - diploma_verifier - INFO - Requête de vérification reçue : d9b3b969-596d-427b-a28d-8e7db6919d1e.jpg
2026-05-01 22:16:38,341 - diploma_verifier - INFO - Validation du fichier : d9b3b969-596d-427b-a28d-8e7db6919d1e.jpg
2026-05-01 22:16:38,342 - diploma_verifier - DEBUG - Type MIME détecté : image/jpeg
2026-05-01 22:16:38,344 - diploma_verifier - DEBUG - Fichier temporaire créé : C:\Users\marwe\AppData\Local\Temp\diploma_1d112a661f90421cb53e5c0540d61c9d.jpg
2026-05-01 22:16:38,344 - diploma_verifier - INFO - Fichier validé — mime=image/jpeg | taille=102293 octets | chemin=C:\Users\marwe\AppData\Local\Temp\diploma_1d112a661f90421cb53e5c0540d61c9d.jpg
2026-05-01 22:16:38,344 - diploma_verifier - INFO - Début de l'analyse : d9b3b969-596d-427b-a28d-8e7db6919d1e.jpg
2026-05-01 22:16:38,346 - diploma_verifier - DEBUG - Chargement image : C:\Users\marwe\AppData\Local\Temp\diploma_1d112a661f90421cb53e5c0540d61c9d.jpg
2026-05-01 22:16:38,381 - diploma_verifier - INFO - Image convertie — dimensions=1154x2046 | mode=RGB
2026-05-01 22:16:38,382 - diploma_verifier - DEBUG - Début du prétraitement de l'image
2026-05-01 22:16:38,487 - diploma_verifier - DEBUG - Prétraitement terminé — dimensions=1154x2046
2026-05-01 22:16:38,536 - diploma_verifier - ERROR - Erreur Tesseract : tesseract is not installed or it's not in your PATH. See README file for more information.
2026-05-01 22:16:38,536 - diploma_verifier - INFO - Analyse terminée — fichier=d9b3b969-596d-427b-a28d-8e7db6919d1e.jpg | pays=unknown | score=19.2 | verdict=low | durée=191ms | flags=[aucun]
2026-05-01 22:16:38,539 - diploma_verifier - DEBUG - Fichier temporaire supprimé : C:\Users\marwe\AppData\Local\Temp\diploma_1d112a661f90421cb53e5c0540d61c9d.jpg
2026-05-01 22:20:05,084 - diploma_verifier - INFO - Service arrêté
2026-05-01 23:58:35,653 - diploma_verifier - INFO - Démarrage du service Diploma Verifier v2...
2026-05-01 23:58:35,669 - diploma_verifier - INFO - Tesseract trouvé (version 5.4.0.20240606)
2026-05-01 23:58:40,289 - diploma_verifier - INFO - Chargement du modèle spaCy fr_core_news_sm...
2026-05-01 23:58:43,513 - diploma_verifier - INFO - Chargement du modèle spaCy xx_ent_wiki_sm...
2026-05-01 23:58:44,957 - diploma_verifier - INFO - Modèles spaCy chargés avec succès
2026-05-01 23:58:44,957 - diploma_verifier - INFO - Service démarré — prêt à recevoir des requêtes
2026-05-01 23:59:15,788 - diploma_verifier - INFO - Requête de vérification reçue : test.jpg
2026-05-01 23:59:15,789 - diploma_verifier - INFO - Validation du fichier : test.jpg
2026-05-01 23:59:15,796 - diploma_verifier - DEBUG - Type MIME détecté : image/jpeg
2026-05-01 23:59:15,798 - diploma_verifier - DEBUG - Fichier temporaire créé : C:\Users\marwe\AppData\Local\Temp\diploma_35cf14dff165496781d093f4bfe5a50a.jpg
2026-05-01 23:59:15,798 - diploma_verifier - INFO - Fichier validé — mime=image/jpeg | taille=258481 octets | chemin=C:\Users\marwe\AppData\Local\Temp\diploma_35cf14dff165496781d093f4bfe5a50a.jpg
2026-05-01 23:59:15,798 - diploma_verifier - INFO - Début de l'analyse : test.jpg
2026-05-01 23:59:15,799 - diploma_verifier - DEBUG - Chargement image : C:\Users\marwe\AppData\Local\Temp\diploma_35cf14dff165496781d093f4bfe5a50a.jpg
2026-05-01 23:59:15,834 - diploma_verifier - INFO - Image convertie — dimensions=1478x2047 | mode=RGB
2026-05-01 23:59:15,834 - diploma_verifier - DEBUG - Début du prétraitement de l'image
2026-05-01 23:59:15,977 - diploma_verifier - DEBUG - Prétraitement terminé — dimensions=1478x2047
2026-05-01 23:59:16,048 - diploma_verifier - ERROR - Erreur Tesseract : tesseract is not installed or it's not in your PATH. See README file for more information.
2026-05-01 23:59:16,049 - diploma_verifier - INFO - Analyse terminée — fichier=test.jpg | pays=unknown | score=12.7 | verdict=low | durée=250ms | flags=[aucun]
2026-05-01 23:59:16,050 - diploma_verifier - DEBUG - Fichier temporaire supprimé : C:\Users\marwe\AppData\Local\Temp\diploma_35cf14dff165496781d093f4bfe5a50a.jpg
2026-05-01 23:59:31,083 - diploma_verifier - INFO - Requête de vérification reçue : d9b3b969-596d-427b-a28d-8e7db6919d1e.jpg
2026-05-01 23:59:31,083 - diploma_verifier - INFO - Validation du fichier : d9b3b969-596d-427b-a28d-8e7db6919d1e.jpg
2026-05-01 23:59:31,086 - diploma_verifier - DEBUG - Type MIME détecté : image/jpeg
2026-05-01 23:59:31,087 - diploma_verifier - DEBUG - Fichier temporaire créé : C:\Users\marwe\AppData\Local\Temp\diploma_f6b51c3a22814852bbd791b10c8223e8.jpg
2026-05-01 23:59:31,087 - diploma_verifier - INFO - Fichier validé — mime=image/jpeg | taille=102293 octets | chemin=C:\Users\marwe\AppData\Local\Temp\diploma_f6b51c3a22814852bbd791b10c8223e8.jpg
2026-05-01 23:59:31,087 - diploma_verifier - INFO - Début de l'analyse : d9b3b969-596d-427b-a28d-8e7db6919d1e.jpg
2026-05-01 23:59:31,088 - diploma_verifier - DEBUG - Chargement image : C:\Users\marwe\AppData\Local\Temp\diploma_f6b51c3a22814852bbd791b10c8223e8.jpg
2026-05-01 23:59:31,122 - diploma_verifier - INFO - Image convertie — dimensions=1154x2046 | mode=RGB
2026-05-01 23:59:31,122 - diploma_verifier - DEBUG - Début du prétraitement de l'image
2026-05-01 23:59:31,225 - diploma_verifier - DEBUG - Prétraitement terminé — dimensions=1154x2046
2026-05-01 23:59:31,272 - diploma_verifier - ERROR - Erreur Tesseract : tesseract is not installed or it's not in your PATH. See README file for more information.
2026-05-01 23:59:31,272 - diploma_verifier - INFO - Analyse terminée — fichier=d9b3b969-596d-427b-a28d-8e7db6919d1e.jpg | pays=unknown | score=19.2 | verdict=low | durée=185ms | flags=[aucun]
2026-05-01 23:59:31,273 - diploma_verifier - DEBUG - Fichier temporaire supprimé : C:\Users\marwe\AppData\Local\Temp\diploma_f6b51c3a22814852bbd791b10c8223e8.jpg
2026-05-02 00:00:05,692 - diploma_verifier - INFO - Service arrêté
2026-05-02 00:00:12,217 - diploma_verifier - INFO - Démarrage du service Diploma Verifier v2...
2026-05-02 00:00:12,232 - diploma_verifier - INFO - Tesseract trouvé (version 5.4.0.20240606)
2026-05-02 00:00:12,801 - diploma_verifier - INFO - Chargement du modèle spaCy fr_core_news_sm...
2026-05-02 00:00:15,855 - diploma_verifier - INFO - Chargement du modèle spaCy xx_ent_wiki_sm...
2026-05-02 00:00:17,208 - diploma_verifier - INFO - Modèles spaCy chargés avec succès
2026-05-02 00:00:17,208 - diploma_verifier - INFO - Service démarré — prêt à recevoir des requêtes
2026-05-02 00:00:49,522 - diploma_verifier - INFO - Requête de vérification reçue : test.jpg
2026-05-02 00:00:49,522 - diploma_verifier - INFO - Validation du fichier : test.jpg
2026-05-02 00:00:49,525 - diploma_verifier - DEBUG - Type MIME détecté : image/jpeg
2026-05-02 00:00:49,527 - diploma_verifier - DEBUG - Fichier temporaire créé : C:\Users\marwe\AppData\Local\Temp\diploma_63cad7daec484aef8a8c1eab5ade767c.jpg
2026-05-02 00:00:49,527 - diploma_verifier - INFO - Fichier validé — mime=image/jpeg | taille=258481 octets | chemin=C:\Users\marwe\AppData\Local\Temp\diploma_63cad7daec484aef8a8c1eab5ade767c.jpg
2026-05-02 00:00:49,527 - diploma_verifier - INFO - Début de l'analyse : test.jpg
2026-05-02 00:00:49,527 - diploma_verifier - DEBUG - Chargement image : C:\Users\marwe\AppData\Local\Temp\diploma_63cad7daec484aef8a8c1eab5ade767c.jpg
2026-05-02 00:00:49,562 - diploma_verifier - INFO - Image convertie — dimensions=1478x2047 | mode=RGB
2026-05-02 00:00:49,562 - diploma_verifier - DEBUG - Début du prétraitement de l'image
2026-05-02 00:00:49,695 - diploma_verifier - DEBUG - Prétraitement terminé — dimensions=1478x2047
2026-05-02 00:00:49,762 - diploma_verifier - ERROR - Erreur Tesseract : tesseract is not installed or it's not in your PATH. See README file for more information.
2026-05-02 00:00:49,762 - diploma_verifier - INFO - Analyse terminée — fichier=test.jpg | pays=unknown | score=11.9 | verdict=low | durée=234ms | flags=[aucun]
2026-05-02 00:00:49,764 - diploma_verifier - DEBUG - Fichier temporaire supprimé : C:\Users\marwe\AppData\Local\Temp\diploma_63cad7daec484aef8a8c1eab5ade767c.jpg
2026-05-02 00:16:28,766 - diploma_verifier - INFO - Service arrêté
2026-05-02 00:16:30,422 - diploma_verifier - INFO - Démarrage du service Diploma Verifier v2...
2026-05-02 00:16:30,443 - diploma_verifier - INFO - Tesseract trouvé (version 5.4.0.20240606)
2026-05-02 00:16:31,157 - diploma_verifier - INFO - Chargement du modèle spaCy fr_core_news_sm...
2026-05-02 00:16:34,520 - diploma_verifier - INFO - Chargement du modèle spaCy xx_ent_wiki_sm...
2026-05-02 00:16:35,959 - diploma_verifier - INFO - Modèles spaCy chargés avec succès
2026-05-02 00:16:35,959 - diploma_verifier - INFO - Service démarré — prêt à recevoir des requêtes
2026-05-02 00:19:10,752 - diploma_verifier - INFO - Service arrêté
2026-05-02 00:19:14,393 - diploma_verifier - INFO - Démarrage du service Diploma Verifier v2...
2026-05-02 00:19:14,409 - diploma_verifier - INFO - Tesseract trouvé (version 5.4.0.20240606)
2026-05-02 00:19:15,019 - diploma_verifier - INFO - Chargement du modèle spaCy fr_core_news_sm...
2026-05-02 00:19:18,193 - diploma_verifier - INFO - Chargement du modèle spaCy xx_ent_wiki_sm...
2026-05-02 00:19:19,550 - diploma_verifier - INFO - Modèles spaCy chargés avec succès
2026-05-02 00:19:19,550 - diploma_verifier - INFO - Service démarré — prêt à recevoir des requêtes
2026-05-02 00:19:33,063 - diploma_verifier - INFO - Requête de vérification reçue : test.jpg
2026-05-02 00:19:33,064 - diploma_verifier - INFO - Validation du fichier : test.jpg
2026-05-02 00:19:33,067 - diploma_verifier - DEBUG - Type MIME détecté : image/jpeg
2026-05-02 00:19:33,068 - diploma_verifier - DEBUG - Fichier temporaire créé : C:\Users\marwe\AppData\Local\Temp\diploma_475ea17cec174e4588c9ac24475eabeb.jpg
2026-05-02 00:19:33,069 - diploma_verifier - INFO - Fichier validé — mime=image/jpeg | taille=258481 octets | chemin=C:\Users\marwe\AppData\Local\Temp\diploma_475ea17cec174e4588c9ac24475eabeb.jpg
2026-05-02 00:19:33,069 - diploma_verifier - INFO - Début de l'analyse : test.jpg
2026-05-02 00:19:33,069 - diploma_verifier - DEBUG - Chargement image : C:\Users\marwe\AppData\Local\Temp\diploma_475ea17cec174e4588c9ac24475eabeb.jpg
2026-05-02 00:19:33,109 - diploma_verifier - INFO - Image convertie — dimensions=1478x2047 | mode=RGB
2026-05-02 00:19:33,109 - diploma_verifier - DEBUG - Début du prétraitement de l'image
2026-05-02 00:19:33,247 - diploma_verifier - DEBUG - Prétraitement terminé — dimensions=1478x2047
2026-05-02 00:19:33,314 - diploma_verifier - ERROR - Erreur Tesseract : tesseract is not installed or it's not in your PATH. See README file for more information.
2026-05-02 00:19:33,314 - diploma_verifier - INFO - Analyse terminée — fichier=test.jpg | pays=unknown | score=10.2 | verdict=low | durée=244ms | flags=[aucun]
2026-05-02 00:19:33,316 - diploma_verifier - DEBUG - Fichier temporaire supprimé : C:\Users\marwe\AppData\Local\Temp\diploma_475ea17cec174e4588c9ac24475eabeb.jpg
2026-05-02 00:19:40,141 - diploma_verifier - INFO - Requête de vérification reçue : diplomes-160107163453-thumbnail.jpg
2026-05-02 00:19:40,141 - diploma_verifier - INFO - Validation du fichier : diplomes-160107163453-thumbnail.jpg
2026-05-02 00:19:40,143 - diploma_verifier - DEBUG - Type MIME détecté : image/jpeg
2026-05-02 00:19:40,145 - diploma_verifier - DEBUG - Fichier temporaire créé : C:\Users\marwe\AppData\Local\Temp\diploma_faf1b7ddcb244c3889fb893cdcae17c4.jpg
2026-05-02 00:19:40,145 - diploma_verifier - INFO - Fichier validé — mime=image/jpeg | taille=45870 octets | chemin=C:\Users\marwe\AppData\Local\Temp\diploma_faf1b7ddcb244c3889fb893cdcae17c4.jpg
2026-05-02 00:19:40,145 - diploma_verifier - INFO - Début de l'analyse : diplomes-160107163453-thumbnail.jpg
2026-05-02 00:19:40,146 - diploma_verifier - DEBUG - Chargement image : C:\Users\marwe\AppData\Local\Temp\diploma_faf1b7ddcb244c3889fb893cdcae17c4.jpg
2026-05-02 00:19:40,157 - diploma_verifier - INFO - Image convertie — dimensions=640x469 | mode=RGB
2026-05-02 00:19:40,157 - diploma_verifier - DEBUG - Début du prétraitement de l'image
2026-05-02 00:19:40,170 - diploma_verifier - DEBUG - Prétraitement terminé — dimensions=640x469
2026-05-02 00:19:40,190 - diploma_verifier - ERROR - Erreur Tesseract : tesseract is not installed or it's not in your PATH. See README file for more information.
2026-05-02 00:19:40,190 - diploma_verifier - INFO - Analyse terminée — fichier=diplomes-160107163453-thumbnail.jpg | pays=unknown | score=20.7 | verdict=low | durée=45ms | flags=[aucun]
2026-05-02 00:19:40,191 - diploma_verifier - DEBUG - Fichier temporaire supprimé : C:\Users\marwe\AppData\Local\Temp\diploma_faf1b7ddcb244c3889fb893cdcae17c4.jpg
2026-05-02 00:19:44,371 - diploma_verifier - INFO - Requête de vérification reçue : d9b3b969-596d-427b-a28d-8e7db6919d1e.jpg
2026-05-02 00:19:44,372 - diploma_verifier - INFO - Validation du fichier : d9b3b969-596d-427b-a28d-8e7db6919d1e.jpg
2026-05-02 00:19:44,374 - diploma_verifier - DEBUG - Type MIME détecté : image/jpeg
2026-05-02 00:19:44,378 - diploma_verifier - DEBUG - Fichier temporaire créé : C:\Users\marwe\AppData\Local\Temp\diploma_41fbfd02f7d34434aaa5cb7ce71bd6b6.jpg
2026-05-02 00:19:44,378 - diploma_verifier - INFO - Fichier validé — mime=image/jpeg | taille=102293 octets | chemin=C:\Users\marwe\AppData\Local\Temp\diploma_41fbfd02f7d34434aaa5cb7ce71bd6b6.jpg
2026-05-02 00:19:44,379 - diploma_verifier - INFO - Début de l'analyse : d9b3b969-596d-427b-a28d-8e7db6919d1e.jpg
2026-05-02 00:19:44,379 - diploma_verifier - DEBUG - Chargement image : C:\Users\marwe\AppData\Local\Temp\diploma_41fbfd02f7d34434aaa5cb7ce71bd6b6.jpg
2026-05-02 00:19:44,415 - diploma_verifier - INFO - Image convertie — dimensions=1154x2046 | mode=RGB
2026-05-02 00:19:44,415 - diploma_verifier - DEBUG - Début du prétraitement de l'image
2026-05-02 00:19:44,522 - diploma_verifier - DEBUG - Prétraitement terminé — dimensions=1154x2046
2026-05-02 00:19:44,568 - diploma_verifier - ERROR - Erreur Tesseract : tesseract is not installed or it's not in your PATH. See README file for more information.
2026-05-02 00:19:44,568 - diploma_verifier - INFO - Analyse terminée — fichier=d9b3b969-596d-427b-a28d-8e7db6919d1e.jpg | pays=unknown | score=19.5 | verdict=low | durée=188ms | flags=[aucun]
2026-05-02 00:19:44,569 - diploma_verifier - DEBUG - Fichier temporaire supprimé : C:\Users\marwe\AppData\Local\Temp\diploma_41fbfd02f7d34434aaa5cb7ce71bd6b6.jpg
2026-05-02 00:19:49,605 - diploma_verifier - INFO - Requête de vérification reçue : test.jpg
2026-05-02 00:19:49,606 - diploma_verifier - INFO - Validation du fichier : test.jpg
2026-05-02 00:19:49,608 - diploma_verifier - DEBUG - Type MIME détecté : image/jpeg
2026-05-02 00:19:49,609 - diploma_verifier - DEBUG - Fichier temporaire créé : C:\Users\marwe\AppData\Local\Temp\diploma_23eb1add0c4e4582988123ad44193ae8.jpg
2026-05-02 00:19:49,610 - diploma_verifier - INFO - Fichier validé — mime=image/jpeg | taille=258481 octets | chemin=C:\Users\marwe\AppData\Local\Temp\diploma_23eb1add0c4e4582988123ad44193ae8.jpg
2026-05-02 00:19:49,611 - diploma_verifier - INFO - Début de l'analyse : test.jpg
2026-05-02 00:19:49,611 - diploma_verifier - DEBUG - Chargement image : C:\Users\marwe\AppData\Local\Temp\diploma_23eb1add0c4e4582988123ad44193ae8.jpg
2026-05-02 00:19:49,647 - diploma_verifier - INFO - Image convertie — dimensions=1478x2047 | mode=RGB
2026-05-02 00:19:49,647 - diploma_verifier - DEBUG - Début du prétraitement de l'image
2026-05-02 00:19:49,789 - diploma_verifier - DEBUG - Prétraitement terminé — dimensions=1478x2047
2026-05-02 00:19:49,856 - diploma_verifier - ERROR - Erreur Tesseract : tesseract is not installed or it's not in your PATH. See README file for more information.
2026-05-02 00:19:49,857 - diploma_verifier - INFO - Analyse terminée — fichier=test.jpg | pays=unknown | score=24.8 | verdict=low | durée=246ms | flags=[aucun]
2026-05-02 00:19:49,859 - diploma_verifier - DEBUG - Fichier temporaire supprimé : C:\Users\marwe\AppData\Local\Temp\diploma_23eb1add0c4e4582988123ad44193ae8.jpg
2026-05-02 00:19:55,320 - diploma_verifier - INFO - Requête de vérification reçue : test.jpg
2026-05-02 00:19:55,321 - diploma_verifier - INFO - Validation du fichier : test.jpg
2026-05-02 00:19:55,324 - diploma_verifier - DEBUG - Type MIME détecté : image/jpeg
2026-05-02 00:19:55,325 - diploma_verifier - DEBUG - Fichier temporaire créé : C:\Users\marwe\AppData\Local\Temp\diploma_85f5a59c81be453bb1e0a511ee25748c.jpg
2026-05-02 00:19:55,326 - diploma_verifier - INFO - Fichier validé — mime=image/jpeg | taille=258481 octets | chemin=C:\Users\marwe\AppData\Local\Temp\diploma_85f5a59c81be453bb1e0a511ee25748c.jpg
2026-05-02 00:19:55,327 - diploma_verifier - INFO - Début de l'analyse : test.jpg
2026-05-02 00:19:55,328 - diploma_verifier - DEBUG - Chargement image : C:\Users\marwe\AppData\Local\Temp\diploma_85f5a59c81be453bb1e0a511ee25748c.jpg
2026-05-02 00:19:55,368 - diploma_verifier - INFO - Image convertie — dimensions=1478x2047 | mode=RGB
2026-05-02 00:19:55,368 - diploma_verifier - DEBUG - Début du prétraitement de l'image
2026-05-02 00:19:55,522 - diploma_verifier - DEBUG - Prétraitement terminé — dimensions=1478x2047
2026-05-02 00:19:55,594 - diploma_verifier - ERROR - Erreur Tesseract : tesseract is not installed or it's not in your PATH. See README file for more information.
2026-05-02 00:19:55,594 - diploma_verifier - INFO - Analyse terminée — fichier=test.jpg | pays=unknown | score=9.3 | verdict=low | durée=266ms | flags=[aucun]
2026-05-02 00:19:55,597 - diploma_verifier - DEBUG - Fichier temporaire supprimé : C:\Users\marwe\AppData\Local\Temp\diploma_85f5a59c81be453bb1e0a511ee25748c.jpg
2026-05-02 00:19:57,581 - diploma_verifier - INFO - Requête de vérification reçue : test.jpg
2026-05-02 00:19:57,582 - diploma_verifier - INFO - Validation du fichier : test.jpg
2026-05-02 00:19:57,583 - diploma_verifier - DEBUG - Type MIME détecté : image/jpeg
2026-05-02 00:19:57,585 - diploma_verifier - DEBUG - Fichier temporaire créé : C:\Users\marwe\AppData\Local\Temp\diploma_e5346db3ac104d1b83784925c0109c22.jpg
2026-05-02 00:19:57,585 - diploma_verifier - INFO - Fichier validé — mime=image/jpeg | taille=258481 octets | chemin=C:\Users\marwe\AppData\Local\Temp\diploma_e5346db3ac104d1b83784925c0109c22.jpg
2026-05-02 00:19:57,585 - diploma_verifier - INFO - Début de l'analyse : test.jpg
2026-05-02 00:19:57,586 - diploma_verifier - DEBUG - Chargement image : C:\Users\marwe\AppData\Local\Temp\diploma_e5346db3ac104d1b83784925c0109c22.jpg
2026-05-02 00:19:57,622 - diploma_verifier - INFO - Image convertie — dimensions=1478x2047 | mode=RGB
2026-05-02 00:19:57,624 - diploma_verifier - DEBUG - Début du prétraitement de l'image
2026-05-02 00:19:57,768 - diploma_verifier - DEBUG - Prétraitement terminé — dimensions=1478x2047
2026-05-02 00:19:57,834 - diploma_verifier - ERROR - Erreur Tesseract : tesseract is not installed or it's not in your PATH. See README file for more information.
2026-05-02 00:19:57,834 - diploma_verifier - INFO - Analyse terminée — fichier=test.jpg | pays=unknown | score=6.3 | verdict=low | durée=249ms | flags=[aucun]
2026-05-02 00:19:57,836 - diploma_verifier - DEBUG - Fichier temporaire supprimé : C:\Users\marwe\AppData\Local\Temp\diploma_e5346db3ac104d1b83784925c0109c22.jpg
2026-05-02 00:19:59,316 - diploma_verifier - INFO - Requête de vérification reçue : test.jpg
2026-05-02 00:19:59,317 - diploma_verifier - INFO - Validation du fichier : test.jpg
2026-05-02 00:19:59,318 - diploma_verifier - DEBUG - Type MIME détecté : image/jpeg
2026-05-02 00:19:59,320 - diploma_verifier - DEBUG - Fichier temporaire créé : C:\Users\marwe\AppData\Local\Temp\diploma_dc2ab17da3214d95a0660423eb919fa5.jpg
2026-05-02 00:19:59,320 - diploma_verifier - INFO - Fichier validé — mime=image/jpeg | taille=258481 octets | chemin=C:\Users\marwe\AppData\Local\Temp\diploma_dc2ab17da3214d95a0660423eb919fa5.jpg
2026-05-02 00:19:59,320 - diploma_verifier - INFO - Début de l'analyse : test.jpg
2026-05-02 00:19:59,320 - diploma_verifier - DEBUG - Chargement image : C:\Users\marwe\AppData\Local\Temp\diploma_dc2ab17da3214d95a0660423eb919fa5.jpg
2026-05-02 00:19:59,357 - diploma_verifier - INFO - Image convertie — dimensions=1478x2047 | mode=RGB
2026-05-02 00:19:59,358 - diploma_verifier - DEBUG - Début du prétraitement de l'image
2026-05-02 00:19:59,498 - diploma_verifier - DEBUG - Prétraitement terminé — dimensions=1478x2047
2026-05-02 00:19:59,566 - diploma_verifier - ERROR - Erreur Tesseract : tesseract is not installed or it's not in your PATH. See README file for more information.
2026-05-02 00:19:59,566 - diploma_verifier - INFO - Analyse terminée — fichier=test.jpg | pays=unknown | score=7.1 | verdict=low | durée=245ms | flags=[aucun]
2026-05-02 00:19:59,568 - diploma_verifier - DEBUG - Fichier temporaire supprimé : C:\Users\marwe\AppData\Local\Temp\diploma_dc2ab17da3214d95a0660423eb919fa5.jpg
2026-05-02 00:20:00,647 - diploma_verifier - INFO - Requête de vérification reçue : test.jpg
2026-05-02 00:20:00,647 - diploma_verifier - INFO - Validation du fichier : test.jpg
2026-05-02 00:20:00,649 - diploma_verifier - DEBUG - Type MIME détecté : image/jpeg
2026-05-02 00:20:00,649 - diploma_verifier - DEBUG - Fichier temporaire créé : C:\Users\marwe\AppData\Local\Temp\diploma_77ad3f253a2d489f9386cc31b2679b50.jpg
2026-05-02 00:20:00,651 - diploma_verifier - INFO - Fichier validé — mime=image/jpeg | taille=258481 octets | chemin=C:\Users\marwe\AppData\Local\Temp\diploma_77ad3f253a2d489f9386cc31b2679b50.jpg
2026-05-02 00:20:00,651 - diploma_verifier - INFO - Début de l'analyse : test.jpg
2026-05-02 00:20:00,651 - diploma_verifier - DEBUG - Chargement image : C:\Users\marwe\AppData\Local\Temp\diploma_77ad3f253a2d489f9386cc31b2679b50.jpg
2026-05-02 00:20:00,685 - diploma_verifier - INFO - Image convertie — dimensions=1478x2047 | mode=RGB
2026-05-02 00:20:00,686 - diploma_verifier - DEBUG - Début du prétraitement de l'image
2026-05-02 00:20:00,822 - diploma_verifier - DEBUG - Prétraitement terminé — dimensions=1478x2047
2026-05-02 00:20:00,888 - diploma_verifier - ERROR - Erreur Tesseract : tesseract is not installed or it's not in your PATH. See README file for more information.
2026-05-02 00:20:00,889 - diploma_verifier - INFO - Analyse terminée — fichier=test.jpg | pays=unknown | score=9.7 | verdict=low | durée=238ms | flags=[aucun]
2026-05-02 00:20:00,890 - diploma_verifier - DEBUG - Fichier temporaire supprimé : C:\Users\marwe\AppData\Local\Temp\diploma_77ad3f253a2d489f9386cc31b2679b50.jpg
2026-05-02 00:20:01,765 - diploma_verifier - INFO - Requête de vérification reçue : test.jpg
2026-05-02 00:20:01,765 - diploma_verifier - INFO - Validation du fichier : test.jpg
2026-05-02 00:20:01,767 - diploma_verifier - DEBUG - Type MIME détecté : image/jpeg
2026-05-02 00:20:01,768 - diploma_verifier - DEBUG - Fichier temporaire créé : C:\Users\marwe\AppData\Local\Temp\diploma_d2dfaf020e8b4311a2e0784e5a6a5251.jpg
2026-05-02 00:20:01,768 - diploma_verifier - INFO - Fichier validé — mime=image/jpeg | taille=258481 octets | chemin=C:\Users\marwe\AppData\Local\Temp\diploma_d2dfaf020e8b4311a2e0784e5a6a5251.jpg
2026-05-02 00:20:01,768 - diploma_verifier - INFO - Début de l'analyse : test.jpg
2026-05-02 00:20:01,768 - diploma_verifier - DEBUG - Chargement image : C:\Users\marwe\AppData\Local\Temp\diploma_d2dfaf020e8b4311a2e0784e5a6a5251.jpg
2026-05-02 00:20:01,805 - diploma_verifier - INFO - Image convertie — dimensions=1478x2047 | mode=RGB
2026-05-02 00:20:01,805 - diploma_verifier - DEBUG - Début du prétraitement de l'image
2026-05-02 00:20:01,940 - diploma_verifier - DEBUG - Prétraitement terminé — dimensions=1478x2047
2026-05-02 00:20:02,005 - diploma_verifier - ERROR - Erreur Tesseract : tesseract is not installed or it's not in your PATH. See README file for more information.
2026-05-02 00:20:02,005 - diploma_verifier - INFO - Analyse terminée — fichier=test.jpg | pays=unknown | score=13.9 | verdict=low | durée=237ms | flags=[aucun]
2026-05-02 00:20:02,008 - diploma_verifier - DEBUG - Fichier temporaire supprimé : C:\Users\marwe\AppData\Local\Temp\diploma_d2dfaf020e8b4311a2e0784e5a6a5251.jpg
2026-05-02 00:20:09,032 - diploma_verifier - INFO - Requête de vérification reçue : diplome bac.png
2026-05-02 00:20:09,032 - diploma_verifier - INFO - Validation du fichier : diplome bac.png
2026-05-02 00:20:09,034 - diploma_verifier - DEBUG - Type MIME détecté : image/png
2026-05-02 00:20:09,036 - diploma_verifier - DEBUG - Fichier temporaire créé : C:\Users\marwe\AppData\Local\Temp\diploma_6215bb7c79024c65aafd37ac17384182.png
2026-05-02 00:20:09,036 - diploma_verifier - INFO - Fichier validé — mime=image/png | taille=732666 octets | chemin=C:\Users\marwe\AppData\Local\Temp\diploma_6215bb7c79024c65aafd37ac17384182.png
2026-05-02 00:20:09,037 - diploma_verifier - INFO - Début de l'analyse : diplome bac.png
2026-05-02 00:20:09,037 - diploma_verifier - DEBUG - Chargement image : C:\Users\marwe\AppData\Local\Temp\diploma_6215bb7c79024c65aafd37ac17384182.png
2026-05-02 00:20:09,071 - diploma_verifier - INFO - Image convertie — dimensions=1200x869 | mode=RGB
2026-05-02 00:20:09,072 - diploma_verifier - DEBUG - Début du prétraitement de l'image
2026-05-02 00:20:09,116 - diploma_verifier - DEBUG - Prétraitement terminé — dimensions=1200x869
2026-05-02 00:20:09,143 - diploma_verifier - ERROR - Erreur Tesseract : tesseract is not installed or it's not in your PATH. See README file for more information.
2026-05-02 00:20:09,143 - diploma_verifier - INFO - Analyse terminée — fichier=diplome bac.png | pays=unknown | score=17.6 | verdict=low | durée=106ms | flags=[aucun]
2026-05-02 00:20:09,145 - diploma_verifier - DEBUG - Fichier temporaire supprimé : C:\Users\marwe\AppData\Local\Temp\diploma_6215bb7c79024c65aafd37ac17384182.png
2026-05-02 00:28:39,081 - diploma_verifier - INFO - Service arrêté
2026-05-02 00:28:40,402 - diploma_verifier - INFO - Démarrage du service Diploma Verifier v2...
2026-05-02 00:28:40,421 - diploma_verifier - INFO - Tesseract trouvé (version 5.4.0.20240606)
2026-05-02 00:28:41,033 - diploma_verifier - INFO - Chargement du modèle spaCy fr_core_news_sm...
2026-05-02 00:28:44,228 - diploma_verifier - INFO - Chargement du modèle spaCy xx_ent_wiki_sm...
2026-05-02 00:28:45,590 - diploma_verifier - INFO - Modèles spaCy chargés avec succès
2026-05-02 00:28:45,591 - diploma_verifier - INFO - Service démarré — prêt à recevoir des requêtes
2026-05-02 00:32:43,841 - diploma_verifier - INFO - Service arrêté
2026-05-02 00:32:51,104 - diploma_verifier - INFO - Démarrage du service Diploma Verifier v2...
2026-05-02 00:32:51,121 - diploma_verifier - INFO - Tesseract trouvé (version 5.4.0.20240606)
2026-05-02 00:32:51,721 - diploma_verifier - INFO - Chargement du modèle spaCy fr_core_news_sm...
2026-05-02 00:32:54,969 - diploma_verifier - INFO - Chargement du modèle spaCy xx_ent_wiki_sm...
2026-05-02 00:32:56,386 - diploma_verifier - INFO - Modèles spaCy chargés avec succès
2026-05-02 00:32:56,387 - diploma_verifier - INFO - Service démarré — prêt à recevoir des requêtes
2026-05-02 00:33:04,048 - diploma_verifier - INFO - Requête de vérification reçue : test.jpg
2026-05-02 00:33:04,048 - diploma_verifier - INFO - Validation du fichier : test.jpg
2026-05-02 00:33:04,052 - diploma_verifier - DEBUG - Type MIME détecté : image/jpeg
2026-05-02 00:33:04,053 - diploma_verifier - DEBUG - Fichier temporaire créé : C:\Users\marwe\AppData\Local\Temp\diploma_201b41671b2f40b5819cc89b4cca747a.jpg
2026-05-02 00:33:04,053 - diploma_verifier - INFO - Fichier validé — mime=image/jpeg | taille=258481 octets | chemin=C:\Users\marwe\AppData\Local\Temp\diploma_201b41671b2f40b5819cc89b4cca747a.jpg
2026-05-02 00:33:04,053 - diploma_verifier - INFO - Début de l'analyse : test.jpg
2026-05-02 00:33:04,054 - diploma_verifier - DEBUG - Chargement image : C:\Users\marwe\AppData\Local\Temp\diploma_201b41671b2f40b5819cc89b4cca747a.jpg
2026-05-02 00:33:04,089 - diploma_verifier - INFO - Image convertie — dimensions=1478x2047 | mode=RGB
2026-05-02 00:33:04,089 - diploma_verifier - DEBUG - Début du prétraitement de l'image
2026-05-02 00:33:04,229 - diploma_verifier - DEBUG - Prétraitement terminé — dimensions=1478x2047
2026-05-02 00:33:04,295 - diploma_verifier - ERROR - Erreur Tesseract : tesseract is not installed or it's not in your PATH. See README file for more information.
2026-05-02 00:33:04,295 - diploma_verifier - INFO - Analyse terminée — fichier=test.jpg | pays=unknown | score=22.9 | verdict=low | durée=242ms | flags=[aucun]
2026-05-02 00:33:04,299 - diploma_verifier - DEBUG - Fichier temporaire supprimé : C:\Users\marwe\AppData\Local\Temp\diploma_201b41671b2f40b5819cc89b4cca747a.jpg
2026-05-02 00:33:13,966 - diploma_verifier - INFO - Requête de vérification reçue : d9b3b969-596d-427b-a28d-8e7db6919d1e.jpg
2026-05-02 00:33:13,966 - diploma_verifier - INFO - Validation du fichier : d9b3b969-596d-427b-a28d-8e7db6919d1e.jpg
2026-05-02 00:33:13,969 - diploma_verifier - DEBUG - Type MIME détecté : image/jpeg
2026-05-02 00:33:13,969 - diploma_verifier - DEBUG - Fichier temporaire créé : C:\Users\marwe\AppData\Local\Temp\diploma_5f3ca3dc152443fd93881cc78917e4a7.jpg
2026-05-02 00:33:13,969 - diploma_verifier - INFO - Fichier validé — mime=image/jpeg | taille=102293 octets | chemin=C:\Users\marwe\AppData\Local\Temp\diploma_5f3ca3dc152443fd93881cc78917e4a7.jpg
2026-05-02 00:33:13,971 - diploma_verifier - INFO - Début de l'analyse : d9b3b969-596d-427b-a28d-8e7db6919d1e.jpg
2026-05-02 00:33:13,971 - diploma_verifier - DEBUG - Chargement image : C:\Users\marwe\AppData\Local\Temp\diploma_5f3ca3dc152443fd93881cc78917e4a7.jpg
2026-05-02 00:33:14,005 - diploma_verifier - INFO - Image convertie — dimensions=1154x2046 | mode=RGB
2026-05-02 00:33:14,006 - diploma_verifier - DEBUG - Début du prétraitement de l'image
2026-05-02 00:33:14,113 - diploma_verifier - DEBUG - Prétraitement terminé — dimensions=1154x2046
2026-05-02 00:33:14,162 - diploma_verifier - ERROR - Erreur Tesseract : tesseract is not installed or it's not in your PATH. See README file for more information.
2026-05-02 00:33:14,162 - diploma_verifier - INFO - Analyse terminée — fichier=d9b3b969-596d-427b-a28d-8e7db6919d1e.jpg | pays=unknown | score=24.5 | verdict=low | durée=191ms | flags=[aucun]
2026-05-02 00:33:14,164 - diploma_verifier - DEBUG - Fichier temporaire supprimé : C:\Users\marwe\AppData\Local\Temp\diploma_5f3ca3dc152443fd93881cc78917e4a7.jpg
2026-05-02 00:33:29,527 - diploma_verifier - INFO - Requête de vérification reçue : diplomes-160107163453-thumbnail.jpg
2026-05-02 00:33:29,528 - diploma_verifier - INFO - Validation du fichier : diplomes-160107163453-thumbnail.jpg
2026-05-02 00:33:29,531 - diploma_verifier - DEBUG - Type MIME détecté : image/jpeg
2026-05-02 00:33:29,532 - diploma_verifier - DEBUG - Fichier temporaire créé : C:\Users\marwe\AppData\Local\Temp\diploma_49c230b83c5c454a82a598358e17a95f.jpg
2026-05-02 00:33:29,532 - diploma_verifier - INFO - Fichier validé — mime=image/jpeg | taille=45870 octets | chemin=C:\Users\marwe\AppData\Local\Temp\diploma_49c230b83c5c454a82a598358e17a95f.jpg
2026-05-02 00:33:29,532 - diploma_verifier - INFO - Début de l'analyse : diplomes-160107163453-thumbnail.jpg
2026-05-02 00:33:29,533 - diploma_verifier - DEBUG - Chargement image : C:\Users\marwe\AppData\Local\Temp\diploma_49c230b83c5c454a82a598358e17a95f.jpg
2026-05-02 00:33:29,544 - diploma_verifier - INFO - Image convertie — dimensions=640x469 | mode=RGB
2026-05-02 00:33:29,545 - diploma_verifier - DEBUG - Début du prétraitement de l'image
2026-05-02 00:33:29,556 - diploma_verifier - DEBUG - Prétraitement terminé — dimensions=640x469
2026-05-02 00:33:29,576 - diploma_verifier - ERROR - Erreur Tesseract : tesseract is not installed or it's not in your PATH. See README file for more information.
2026-05-02 00:33:29,577 - diploma_verifier - INFO - Analyse terminée — fichier=diplomes-160107163453-thumbnail.jpg | pays=unknown | score=6.4 | verdict=low | durée=44ms | flags=[aucun]
2026-05-02 00:33:29,578 - diploma_verifier - DEBUG - Fichier temporaire supprimé : C:\Users\marwe\AppData\Local\Temp\diploma_49c230b83c5c454a82a598358e17a95f.jpg
2026-05-02 00:33:38,672 - diploma_verifier - INFO - Service arrêté
2026-05-02 09:08:47,792 - diploma_verifier - INFO - Démarrage du service Diploma Verifier v2...
2026-05-02 09:08:47,808 - diploma_verifier - INFO - Tesseract trouvé (version 5.4.0.20240606)
2026-05-02 09:08:48,428 - diploma_verifier - INFO - Chargement du modèle spaCy fr_core_news_sm...
2026-05-02 09:08:51,518 - diploma_verifier - INFO - Chargement du modèle spaCy xx_ent_wiki_sm...
2026-05-02 09:08:52,875 - diploma_verifier - INFO - Modèles spaCy chargés avec succès
2026-05-02 09:08:52,876 - diploma_verifier - INFO - Service démarré — prêt à recevoir des requêtes
2026-05-02 09:09:39,315 - diploma_verifier - INFO - Requête de vérification reçue : 20260502_074002.jpg
2026-05-02 09:09:39,316 - diploma_verifier - INFO - Validation du fichier : 20260502_074002.jpg
2026-05-02 09:09:39,319 - diploma_verifier - DEBUG - Type MIME détecté : image/jpeg
2026-05-02 09:09:39,321 - diploma_verifier - DEBUG - Fichier temporaire créé : C:\Users\marwe\AppData\Local\Temp\diploma_0825ca508e4b4b208fe88bb3fe5fde43.jpg
2026-05-02 09:09:39,321 - diploma_verifier - INFO - Fichier validé — mime=image/jpeg | taille=1731717 octets | chemin=C:\Users\marwe\AppData\Local\Temp\diploma_0825ca508e4b4b208fe88bb3fe5fde43.jpg
2026-05-02 09:09:39,321 - diploma_verifier - INFO - Début de l'analyse : 20260502_074002.jpg
2026-05-02 09:09:39,322 - diploma_verifier - DEBUG - Chargement image : C:\Users\marwe\AppData\Local\Temp\diploma_0825ca508e4b4b208fe88bb3fe5fde43.jpg
2026-05-02 09:09:39,405 - diploma_verifier - INFO - Image convertie — dimensions=2574x1812 | mode=RGB
2026-05-02 09:09:39,405 - diploma_verifier - DEBUG - Début du prétraitement de l'image
2026-05-02 09:09:39,631 - diploma_verifier - DEBUG - Prétraitement terminé — dimensions=2574x1812
2026-05-02 09:09:39,780 - diploma_verifier - ERROR - Erreur Tesseract : tesseract is not installed or it's not in your PATH. See README file for more information.
2026-05-02 09:09:39,781 - diploma_verifier - INFO - Analyse terminée — fichier=20260502_074002.jpg | pays=unknown | score=7.5 | verdict=low | durée=460ms | flags=[aucun]
2026-05-02 09:09:39,783 - diploma_verifier - DEBUG - Fichier temporaire supprimé : C:\Users\marwe\AppData\Local\Temp\diploma_0825ca508e4b4b208fe88bb3fe5fde43.jpg
2026-05-02 09:10:36,993 - diploma_verifier - INFO - Service arrêté
2026-05-02 09:33:19,486 - diploma_verifier - INFO - Démarrage du service Diploma Verifier v2...
2026-05-02 09:33:19,502 - diploma_verifier - INFO - Tesseract trouvé (version 5.4.0.20240606)
2026-05-02 09:33:24,353 - diploma_verifier - INFO - Chargement du modèle spaCy fr_core_news_sm...
2026-05-02 09:33:27,649 - diploma_verifier - INFO - Chargement du modèle spaCy xx_ent_wiki_sm...
2026-05-02 09:33:29,017 - diploma_verifier - INFO - Modèles spaCy chargés avec succès
2026-05-02 09:33:29,017 - diploma_verifier - INFO - Service démarré — prêt à recevoir des requêtes
2026-05-02 09:33:51,824 - diploma_verifier - INFO - Requête de vérification reçue : test1.jpg
2026-05-02 09:33:51,824 - diploma_verifier - INFO - Validation du fichier : test1.jpg
2026-05-02 09:33:51,832 - diploma_verifier - DEBUG - Type MIME détecté : image/jpeg
2026-05-02 09:33:51,834 - diploma_verifier - DEBUG - Fichier temporaire créé : C:\Users\marwe\AppData\Local\Temp\diploma_fa0531c997d149de858bbb312d6f799f.jpg
2026-05-02 09:33:51,834 - diploma_verifier - INFO - Fichier validé — mime=image/jpeg | taille=1731717 octets | chemin=C:\Users\marwe\AppData\Local\Temp\diploma_fa0531c997d149de858bbb312d6f799f.jpg
2026-05-02 09:33:51,834 - diploma_verifier - INFO - Début de l'analyse V5 : test1.jpg
2026-05-02 09:33:51,834 - diploma_verifier - DEBUG - Chargement image : C:\Users\marwe\AppData\Local\Temp\diploma_fa0531c997d149de858bbb312d6f799f.jpg
2026-05-02 09:33:52,032 - diploma_verifier - INFO - Image convertie — dimensions=2574x1812 | mode=RGB
2026-05-02 09:34:08,104 - diploma_verifier - DEBUG - OCR pass [ara] — text_len=1375 | confidence=0.480
2026-05-02 09:34:18,652 - diploma_verifier - DEBUG - OCR pass [fra] — text_len=862 | confidence=0.346
2026-05-02 09:34:28,650 - diploma_verifier - DEBUG - OCR pass [eng] — text_len=879 | confidence=0.362
2026-05-02 09:34:48,397 - diploma_verifier - DEBUG - OCR pass [ara+fra] — text_len=1285 | confidence=0.481
2026-05-02 09:35:02,413 - diploma_verifier - DEBUG - OCR pass [fra+eng] — text_len=853 | confidence=0.389
2026-05-02 09:35:02,416 - diploma_verifier - DEBUG - OCR semantic — lang=ara | score=8 | confidence=0.480 | text_len=1375
2026-05-02 09:35:02,417 - diploma_verifier - DEBUG - OCR semantic — lang=fra | score=0 | confidence=0.346 | text_len=862
2026-05-02 09:35:02,417 - diploma_verifier - DEBUG - OCR semantic — lang=eng | score=0 | confidence=0.362 | text_len=879
2026-05-02 09:35:02,417 - diploma_verifier - DEBUG - OCR semantic — lang=ara+fra | score=8 | confidence=0.481 | text_len=1285
2026-05-02 09:35:02,417 - diploma_verifier - DEBUG - OCR semantic — lang=fra+eng | score=0 | confidence=0.389 | text_len=853
2026-05-02 09:35:02,417 - diploma_verifier - INFO - OCR best selection — lang=ara | semantic_score=8 | confidence=0.480 | text_len=1375
2026-05-02 09:35:02,421 - diploma_verifier - INFO - OCR DIAG — text_len=1375 | clean_len=249 | confidence=0.480 | hash_seed=2b57a85b0538f455
2026-05-02 09:35:03,164 - diploma_verifier - INFO - OCR terminé — confiance=0.48 | langue=ar | champs extraits=1
2026-05-02 09:35:03,181 - diploma_verifier - INFO - Signature V4 — raw_conf=1.000 | smoothed=0.96 | candidats=15 | encre=0.340 | stroke_cx=1.000
2026-05-02 09:35:45,090 - diploma_verifier - ERROR - Erreur détection cachet : cannot convert float NaN to integer
2026-05-02 09:35:45,092 - diploma_verifier - INFO - ORCH V5 DIAG — ocr_len=1375 | ocr_conf=0.480 | sig_conf=0.96 | stamp_conf=0.00 | hash=251464a02a4c5cf4
2026-05-02 09:35:45,123 - diploma_verifier - INFO - Analyse texte V5 — nom=False | institution=False | diplôme=False | date=True | phrases=False | semantic=0.166 | struct=1 | density=0.032 | confiance=0.13 | doc_type=diploma | coherence=0.17 | kw_penalty=0.00
2026-05-02 09:35:45,123 - diploma_verifier - INFO - diploma_confidence basse (0.13) mais signaux visuels forts (0.48) — poursuite du scoring V5
2026-05-02 09:35:45,124 - diploma_verifier - DEBUG - Structure penalty: 25.3 → 20.2 (count=1)
2026-05-02 09:35:45,124 - diploma_verifier - DEBUG - V5 safety rule: semantic=0.17, struct=1 → capped at 35
2026-05-02 09:35:45,124 - diploma_verifier - INFO - Scoring V5 DIAG — raw=25.3 | noise=0.56 | final=20.8 | confidence=low | ocr_conf=0.480 | semantic=0.166 | struct=1 | doc_type=diploma | coherence=0.17 | kw_penalty=0.00 | weights={'has_person_name': 0.15, 'has_institution': 0.15, 'has_degree_keyword': 0.12, 'has_date': 0.08, 'official_mention': 0.08, 'certification_phrase': 0.07, 'signature_confidence': 0.18, 'stamp_confidence': 0.17}
2026-05-02 09:35:45,125 - diploma_verifier - INFO - Analyse terminée — fichier=test1.jpg | pays=unknown | score=20.8 | verdict=low | durée=113291ms | flags=[aucun]
2026-05-02 09:35:45,128 - diploma_verifier - DEBUG - Fichier temporaire supprimé : C:\Users\marwe\AppData\Local\Temp\diploma_fa0531c997d149de858bbb312d6f799f.jpg
2026-05-02 09:38:00,967 - diploma_verifier - INFO - Requête de vérification reçue : testrotation.jpg
2026-05-02 09:38:00,967 - diploma_verifier - INFO - Validation du fichier : testrotation.jpg
2026-05-02 09:38:00,967 - diploma_verifier - DEBUG - Type MIME détecté : image/jpeg
2026-05-02 09:38:00,971 - diploma_verifier - DEBUG - Fichier temporaire créé : C:\Users\marwe\AppData\Local\Temp\diploma_74ffbf90cf9a4bf0838bd3913034ae38.jpg
2026-05-02 09:38:00,971 - diploma_verifier - INFO - Fichier validé — mime=image/jpeg | taille=1837859 octets | chemin=C:\Users\marwe\AppData\Local\Temp\diploma_74ffbf90cf9a4bf0838bd3913034ae38.jpg
2026-05-02 09:38:00,971 - diploma_verifier - INFO - Début de l'analyse V5 : testrotation.jpg
2026-05-02 09:38:00,971 - diploma_verifier - DEBUG - Chargement image : C:\Users\marwe\AppData\Local\Temp\diploma_74ffbf90cf9a4bf0838bd3913034ae38.jpg
2026-05-02 09:38:01,046 - diploma_verifier - INFO - Image convertie — dimensions=2058x3012 | mode=RGB
2026-05-02 09:38:02,674 - diploma_verifier - INFO - Rotation détectée par OSD : 270°
2026-05-02 09:38:21,134 - diploma_verifier - DEBUG - OCR pass [ara] — text_len=922 | confidence=0.411
2026-05-02 09:38:33,581 - diploma_verifier - DEBUG - OCR pass [fra] — text_len=779 | confidence=0.341
2026-05-02 09:38:45,588 - diploma_verifier - DEBUG - OCR pass [eng] — text_len=877 | confidence=0.351
2026-05-02 09:39:09,761 - diploma_verifier - DEBUG - OCR pass [ara+fra] — text_len=960 | confidence=0.419
2026-05-02 09:39:25,736 - diploma_verifier - DEBUG - OCR pass [fra+eng] — text_len=750 | confidence=0.390
2026-05-02 09:39:25,737 - diploma_verifier - DEBUG - OCR semantic — lang=ara | score=0 | confidence=0.411 | text_len=922
2026-05-02 09:39:25,738 - diploma_verifier - DEBUG - OCR semantic — lang=fra | score=3 | confidence=0.341 | text_len=779
2026-05-02 09:39:25,738 - diploma_verifier - DEBUG - OCR semantic — lang=eng | score=0 | confidence=0.351 | text_len=877
2026-05-02 09:39:25,738 - diploma_verifier - DEBUG - OCR semantic — lang=ara+fra | score=3 | confidence=0.419 | text_len=960
2026-05-02 09:39:25,739 - diploma_verifier - DEBUG - OCR semantic — lang=fra+eng | score=3 | confidence=0.390 | text_len=750
2026-05-02 09:39:25,739 - diploma_verifier - INFO - OCR best selection — lang=fra | semantic_score=3 | confidence=0.341 | text_len=779
2026-05-02 09:39:25,741 - diploma_verifier - INFO - OCR DIAG — text_len=779 | clean_len=632 | confidence=0.341 | hash_seed=6eb7790db0c28ec0
2026-05-02 09:39:25,830 - diploma_verifier - INFO - OCR terminé — confiance=0.34 | langue=fr | champs extraits=1
2026-05-02 09:39:25,843 - diploma_verifier - INFO - Signature V4 — raw_conf=0.817 | smoothed=0.90 | candidats=36 | encre=0.584 | stroke_cx=0.810
2026-05-02 09:40:33,992 - diploma_verifier - ERROR - Erreur détection cachet : cannot convert float NaN to integer
2026-05-02 09:40:33,993 - diploma_verifier - INFO - ORCH V5 DIAG — ocr_len=779 | ocr_conf=0.341 | sig_conf=0.90 | stamp_conf=0.00 | hash=78de715cdc16712f
2026-05-02 09:40:34,047 - diploma_verifier - INFO - Analyse texte V5 — nom=True | institution=True | diplôme=False | date=False | phrases=False | semantic=0.450 | struct=2 | density=0.000 | confiance=0.23 | doc_type=unknown | coherence=0.00 | kw_penalty=0.00
2026-05-02 09:40:34,048 - diploma_verifier - DEBUG - V5 doc_type penalty: unknown → -10% (score=41.6)
2026-05-02 09:40:34,048 - diploma_verifier - INFO - Scoring V5 DIAG — raw=46.2 | noise=-1.39 | final=40.2 | confidence=medium | ocr_conf=0.341 | semantic=0.450 | struct=2 | doc_type=unknown | coherence=0.00 | kw_penalty=0.00 | weights={'has_person_name': 0.15, 'has_institution': 0.15, 'has_degree_keyword': 0.12, 'has_date': 0.08, 'official_mention': 0.08, 'certification_phrase': 0.07, 'signature_confidence': 0.18, 'stamp_confidence': 0.17}
2026-05-02 09:40:34,048 - diploma_verifier - INFO - Analyse terminée — fichier=testrotation.jpg | pays=unknown | score=40.2 | verdict=medium | durée=153076ms | flags=[aucun]
2026-05-02 09:40:34,051 - diploma_verifier - DEBUG - Fichier temporaire supprimé : C:\Users\marwe\AppData\Local\Temp\diploma_74ffbf90cf9a4bf0838bd3913034ae38.jpg
2026-05-02 09:59:06,690 - diploma_verifier - INFO - Requête de vérification reçue : test1.jpg
2026-05-02 09:59:06,691 - diploma_verifier - INFO - Validation du fichier : test1.jpg
2026-05-02 09:59:06,693 - diploma_verifier - DEBUG - Type MIME détecté : image/jpeg
2026-05-02 09:59:06,695 - diploma_verifier - DEBUG - Fichier temporaire créé : C:\Users\marwe\AppData\Local\Temp\diploma_b65c04d1ac5043a3b000473beaf1dbea.jpg
2026-05-02 09:59:06,695 - diploma_verifier - INFO - Fichier validé — mime=image/jpeg | taille=1731717 octets | chemin=C:\Users\marwe\AppData\Local\Temp\diploma_b65c04d1ac5043a3b000473beaf1dbea.jpg
2026-05-02 09:59:06,695 - diploma_verifier - INFO - Début de l'analyse V5 : test1.jpg
2026-05-02 09:59:06,695 - diploma_verifier - DEBUG - Chargement image : C:\Users\marwe\AppData\Local\Temp\diploma_b65c04d1ac5043a3b000473beaf1dbea.jpg
2026-05-02 09:59:06,754 - diploma_verifier - INFO - Image convertie — dimensions=2574x1812 | mode=RGB
2026-05-02 09:59:22,867 - diploma_verifier - DEBUG - OCR pass [ara] — text_len=1375 | confidence=0.480
2026-05-02 09:59:33,566 - diploma_verifier - DEBUG - OCR pass [fra] — text_len=862 | confidence=0.346
2026-05-02 09:59:43,830 - diploma_verifier - DEBUG - OCR pass [eng] — text_len=879 | confidence=0.362
2026-05-02 10:00:03,698 - diploma_verifier - DEBUG - OCR pass [ara+fra] — text_len=1285 | confidence=0.481
2026-05-02 10:00:17,707 - diploma_verifier - DEBUG - OCR pass [fra+eng] — text_len=853 | confidence=0.389
2026-05-02 10:00:17,707 - diploma_verifier - DEBUG - OCR semantic — lang=ara | score=8 | confidence=0.480 | text_len=1375
2026-05-02 10:00:17,707 - diploma_verifier - DEBUG - OCR semantic — lang=fra | score=0 | confidence=0.346 | text_len=862
2026-05-02 10:00:17,707 - diploma_verifier - DEBUG - OCR semantic — lang=eng | score=0 | confidence=0.362 | text_len=879
2026-05-02 10:00:17,707 - diploma_verifier - DEBUG - OCR semantic — lang=ara+fra | score=8 | confidence=0.481 | text_len=1285
2026-05-02 10:00:17,711 - diploma_verifier - DEBUG - OCR semantic — lang=fra+eng | score=0 | confidence=0.389 | text_len=853
2026-05-02 10:00:17,711 - diploma_verifier - INFO - OCR best selection — lang=ara | semantic_score=8 | confidence=0.480 | text_len=1375
2026-05-02 10:00:17,711 - diploma_verifier - INFO - OCR DIAG — text_len=1375 | clean_len=249 | confidence=0.480 | hash_seed=2b57a85b0538f455
2026-05-02 10:00:17,743 - diploma_verifier - INFO - OCR terminé — confiance=0.48 | langue=ar | champs extraits=1
2026-05-02 10:00:17,752 - diploma_verifier - INFO - Signature V4 — raw_conf=1.000 | smoothed=0.96 | candidats=15 | encre=0.340 | stroke_cx=1.000
2026-05-02 10:00:59,761 - diploma_verifier - ERROR - Erreur détection cachet : cannot convert float NaN to integer
2026-05-02 10:00:59,764 - diploma_verifier - INFO - ORCH V5 DIAG — ocr_len=1375 | ocr_conf=0.480 | sig_conf=0.96 | stamp_conf=0.00 | hash=e268e633ce48eea4
2026-05-02 10:00:59,789 - diploma_verifier - INFO - Analyse texte V5 — nom=False | institution=False | diplôme=False | date=True | phrases=False | semantic=0.166 | struct=1 | density=0.032 | confiance=0.13 | doc_type=diploma | coherence=0.17 | kw_penalty=0.00
2026-05-02 10:00:59,789 - diploma_verifier - INFO - diploma_confidence basse (0.13) mais signaux visuels forts (0.48) — poursuite du scoring V5
2026-05-02 10:00:59,789 - diploma_verifier - DEBUG - Structure penalty: 25.3 → 20.2 (count=1)
2026-05-02 10:00:59,791 - diploma_verifier - DEBUG - V5 safety rule: semantic=0.17, struct=1 → capped at 35
2026-05-02 10:00:59,791 - diploma_verifier - INFO - Scoring V5 DIAG — raw=25.3 | noise=0.56 | final=20.8 | confidence=low | ocr_conf=0.480 | semantic=0.166 | struct=1 | doc_type=diploma | coherence=0.17 | kw_penalty=0.00 | weights={'has_person_name': 0.15, 'has_institution': 0.15, 'has_degree_keyword': 0.12, 'has_date': 0.08, 'official_mention': 0.08, 'certification_phrase': 0.07, 'signature_confidence': 0.18, 'stamp_confidence': 0.17}
2026-05-02 10:00:59,791 - diploma_verifier - INFO - Analyse terminée — fichier=test1.jpg | pays=unknown | score=20.8 | verdict=low | durée=113096ms | flags=[aucun]
2026-05-02 10:00:59,793 - diploma_verifier - DEBUG - Fichier temporaire supprimé : C:\Users\marwe\AppData\Local\Temp\diploma_b65c04d1ac5043a3b000473beaf1dbea.jpg
2026-05-02 10:01:31,740 - diploma_verifier - INFO - Démarrage du service Diploma Verifier v2...
2026-05-02 10:01:31,757 - diploma_verifier - INFO - Tesseract trouvé (version 5.4.0.20240606)
2026-05-02 10:01:32,404 - diploma_verifier - INFO - Chargement du modèle spaCy fr_core_news_sm...
2026-05-02 10:01:35,586 - diploma_verifier - INFO - Chargement du modèle spaCy xx_ent_wiki_sm...
2026-05-02 10:01:36,961 - diploma_verifier - INFO - Modèles spaCy chargés avec succès
2026-05-02 10:01:36,961 - diploma_verifier - INFO - Service démarré — prêt à recevoir des requêtes
2026-05-02 10:01:46,663 - diploma_verifier - INFO - Requête de vérification reçue : test1.jpg
2026-05-02 10:01:46,664 - diploma_verifier - INFO - Validation du fichier : test1.jpg
2026-05-02 10:01:46,666 - diploma_verifier - DEBUG - Type MIME détecté : image/jpeg
2026-05-02 10:01:46,667 - diploma_verifier - DEBUG - Fichier temporaire créé : C:\Users\marwe\AppData\Local\Temp\diploma_60671ded240d4c78a1e029eb9d6ea901.jpg
2026-05-02 10:01:46,667 - diploma_verifier - INFO - Fichier validé — mime=image/jpeg | taille=1731717 octets | chemin=C:\Users\marwe\AppData\Local\Temp\diploma_60671ded240d4c78a1e029eb9d6ea901.jpg
2026-05-02 10:01:46,668 - diploma_verifier - INFO - Début de l'analyse V5 : test1.jpg
2026-05-02 10:01:46,668 - diploma_verifier - DEBUG - Chargement image : C:\Users\marwe\AppData\Local\Temp\diploma_60671ded240d4c78a1e029eb9d6ea901.jpg
2026-05-02 10:01:46,740 - diploma_verifier - INFO - Image convertie — dimensions=2574x1812 | mode=RGB
2026-05-02 10:02:03,029 - diploma_verifier - DEBUG - OCR pass [ara] — text_len=1375 | confidence=0.480
2026-05-02 10:02:13,611 - diploma_verifier - DEBUG - OCR pass [fra] — text_len=862 | confidence=0.346
2026-05-02 10:02:23,642 - diploma_verifier - DEBUG - OCR pass [eng] — text_len=879 | confidence=0.362
2026-05-02 10:02:43,398 - diploma_verifier - DEBUG - OCR pass [ara+fra] — text_len=1285 | confidence=0.481
2026-05-02 10:02:57,360 - diploma_verifier - DEBUG - OCR pass [fra+eng] — text_len=853 | confidence=0.389
2026-05-02 10:02:57,364 - diploma_verifier - DEBUG - OCR semantic — lang=ara | score=8 | confidence=0.480 | text_len=1375
2026-05-02 10:02:57,364 - diploma_verifier - DEBUG - OCR semantic — lang=fra | score=0 | confidence=0.346 | text_len=862
2026-05-02 10:02:57,364 - diploma_verifier - DEBUG - OCR semantic — lang=eng | score=0 | confidence=0.362 | text_len=879
2026-05-02 10:02:57,364 - diploma_verifier - DEBUG - OCR semantic — lang=ara+fra | score=8 | confidence=0.481 | text_len=1285
2026-05-02 10:02:57,364 - diploma_verifier - DEBUG - OCR semantic — lang=fra+eng | score=0 | confidence=0.389 | text_len=853
2026-05-02 10:02:57,364 - diploma_verifier - INFO - OCR best selection — lang=ara | semantic_score=8 | confidence=0.480 | text_len=1375
2026-05-02 10:02:57,369 - diploma_verifier - INFO - OCR DIAG — text_len=1375 | clean_len=249 | confidence=0.480 | hash_seed=2b57a85b0538f455
2026-05-02 10:02:57,686 - diploma_verifier - INFO - OCR terminé — confiance=0.48 | langue=ar | champs extraits=2
2026-05-02 10:02:57,699 - diploma_verifier - INFO - Signature V4 — raw_conf=1.000 | smoothed=0.96 | candidats=15 | encre=0.340 | stroke_cx=1.000
2026-05-02 10:03:45,835 - diploma_verifier - INFO - Cachet V4 — raw_conf=0.915 | smoothed=0.94 | couleur=noir | hough=1264 | ellipses=8 | contours=0
2026-05-02 10:03:45,838 - diploma_verifier - INFO - ORCH V5 DIAG — ocr_len=1375 | ocr_conf=0.480 | sig_conf=0.96 | stamp_conf=0.94 | hash=26d7f1003194505b
2026-05-02 10:03:45,880 - diploma_verifier - INFO - Analyse texte V5 — nom=False | institution=False | diplôme=True | date=True | phrases=False | semantic=0.486 | struct=2 | density=0.032 | confiance=0.29 | doc_type=diploma | coherence=0.17 | kw_penalty=0.00
2026-05-02 10:03:45,880 - diploma_verifier - DEBUG - Structure boost: 59.3 → 66.4 (count=2)
2026-05-02 10:03:45,881 - diploma_verifier - INFO - Scoring V5 DIAG — raw=59.3 | noise=0.56 | final=66.9 | confidence=medium | ocr_conf=0.480 | semantic=0.486 | struct=2 | doc_type=diploma | coherence=0.17 | kw_penalty=0.00 | weights={'has_person_name': 0.2, 'has_degree_keyword': 0.16, 'has_date': 0.1, 'official_mention': 0.1, 'certification_phrase': 0.09, 'signature_confidence': 0.18, 'stamp_confidence': 0.17}
2026-05-02 10:03:45,881 - diploma_verifier - INFO - Analyse terminée — fichier=test1.jpg | pays=unknown | score=66.9 | verdict=medium | durée=119213ms | flags=[aucun]
2026-05-02 10:03:45,884 - diploma_verifier - DEBUG - Fichier temporaire supprimé : C:\Users\marwe\AppData\Local\Temp\diploma_60671ded240d4c78a1e029eb9d6ea901.jpg
2026-05-02 10:04:29,397 - diploma_verifier - INFO - Requête de vérification reçue : testrotation.jpg
2026-05-02 10:04:29,397 - diploma_verifier - INFO - Validation du fichier : testrotation.jpg
2026-05-02 10:04:29,400 - diploma_verifier - DEBUG - Type MIME détecté : image/jpeg
2026-05-02 10:04:29,401 - diploma_verifier - DEBUG - Fichier temporaire créé : C:\Users\marwe\AppData\Local\Temp\diploma_32aed489b42a492bab151a56cb5b8fb7.jpg
2026-05-02 10:04:29,402 - diploma_verifier - INFO - Fichier validé — mime=image/jpeg | taille=1837859 octets | chemin=C:\Users\marwe\AppData\Local\Temp\diploma_32aed489b42a492bab151a56cb5b8fb7.jpg
2026-05-02 10:04:29,402 - diploma_verifier - INFO - Début de l'analyse V5 : testrotation.jpg
2026-05-02 10:04:29,402 - diploma_verifier - DEBUG - Chargement image : C:\Users\marwe\AppData\Local\Temp\diploma_32aed489b42a492bab151a56cb5b8fb7.jpg
2026-05-02 10:04:29,476 - diploma_verifier - INFO - Image convertie — dimensions=2058x3012 | mode=RGB
2026-05-02 10:04:31,160 - diploma_verifier - INFO - Rotation détectée par OSD : 270°
2026-05-02 10:04:50,014 - diploma_verifier - DEBUG - OCR pass [ara] — text_len=922 | confidence=0.411
2026-05-02 10:05:02,493 - diploma_verifier - DEBUG - OCR pass [fra] — text_len=779 | confidence=0.341
2026-05-02 10:05:14,498 - diploma_verifier - DEBUG - OCR pass [eng] — text_len=877 | confidence=0.351
2026-05-02 10:05:38,513 - diploma_verifier - DEBUG - OCR pass [ara+fra] — text_len=960 | confidence=0.419
2026-05-02 10:05:54,385 - diploma_verifier - DEBUG - OCR pass [fra+eng] — text_len=750 | confidence=0.390
2026-05-02 10:05:54,386 - diploma_verifier - DEBUG - OCR semantic — lang=ara | score=0 | confidence=0.411 | text_len=922
2026-05-02 10:05:54,387 - diploma_verifier - DEBUG - OCR semantic — lang=fra | score=3 | confidence=0.341 | text_len=779
2026-05-02 10:05:54,387 - diploma_verifier - DEBUG - OCR semantic — lang=eng | score=0 | confidence=0.351 | text_len=877
2026-05-02 10:05:54,388 - diploma_verifier - DEBUG - OCR semantic — lang=ara+fra | score=3 | confidence=0.419 | text_len=960
2026-05-02 10:05:54,388 - diploma_verifier - DEBUG - OCR semantic — lang=fra+eng | score=3 | confidence=0.390 | text_len=750
2026-05-02 10:05:54,388 - diploma_verifier - INFO - OCR best selection — lang=fra | semantic_score=3 | confidence=0.341 | text_len=779
2026-05-02 10:05:54,391 - diploma_verifier - INFO - OSD semantic faible (3) — fallback 4-rotation activé
2026-05-02 10:06:18,828 - diploma_verifier - DEBUG - OCR pass [ara+fra+eng] — text_len=899 | confidence=0.453
2026-05-02 10:06:18,828 - diploma_verifier - INFO - Rotation fallback 0° → semantic_score=0
2026-05-02 10:06:47,570 - diploma_verifier - DEBUG - OCR pass [ara+fra+eng] — text_len=966 | confidence=0.439
2026-05-02 10:06:47,578 - diploma_verifier - INFO - Rotation fallback 90° → semantic_score=3
2026-05-02 10:07:16,443 - diploma_verifier - DEBUG - OCR pass [ara+fra+eng] — text_len=1196 | confidence=0.475
2026-05-02 10:07:16,446 - diploma_verifier - INFO - Rotation fallback 180° → semantic_score=0
2026-05-02 10:07:41,131 - diploma_verifier - DEBUG - OCR pass [ara+fra+eng] — text_len=1077 | confidence=0.449
2026-05-02 10:07:41,135 - diploma_verifier - INFO - Rotation fallback 270° → semantic_score=10
2026-05-02 10:07:41,149 - diploma_verifier - INFO - Best rotation selected: 270° (semantic=10)
2026-05-02 10:07:58,081 - diploma_verifier - DEBUG - OCR pass [ara] — text_len=1089 | confidence=0.445
2026-05-02 10:08:09,834 - diploma_verifier - DEBUG - OCR pass [fra] — text_len=603 | confidence=0.305
2026-05-02 10:08:21,022 - diploma_verifier - DEBUG - OCR pass [eng] — text_len=672 | confidence=0.311
2026-05-02 10:08:42,472 - diploma_verifier - DEBUG - OCR pass [ara+fra] — text_len=1074 | confidence=0.448
2026-05-02 10:08:56,718 - diploma_verifier - DEBUG - OCR pass [fra+eng] — text_len=644 | confidence=0.329
2026-05-02 10:08:56,719 - diploma_verifier - DEBUG - OCR semantic — lang=ara | score=10 | confidence=0.445 | text_len=1089
2026-05-02 10:08:56,720 - diploma_verifier - DEBUG - OCR semantic — lang=fra | score=0 | confidence=0.305 | text_len=603
2026-05-02 10:08:56,720 - diploma_verifier - DEBUG - OCR semantic — lang=eng | score=0 | confidence=0.311 | text_len=672
2026-05-02 10:08:56,721 - diploma_verifier - DEBUG - OCR semantic — lang=ara+fra | score=10 | confidence=0.448 | text_len=1074
2026-05-02 10:08:56,721 - diploma_verifier - DEBUG - OCR semantic — lang=fra+eng | score=0 | confidence=0.329 | text_len=644
2026-05-02 10:08:56,721 - diploma_verifier - INFO - OCR best selection — lang=ara | semantic_score=10 | confidence=0.445 | text_len=1089
2026-05-02 10:08:56,724 - diploma_verifier - INFO - OCR DIAG — text_len=1089 | clean_len=190 | confidence=0.445 | hash_seed=5cb05f0a224bcc68
2026-05-02 10:08:56,752 - diploma_verifier - INFO - OCR terminé — confiance=0.45 | langue=ar | champs extraits=2
2026-05-02 10:08:56,767 - diploma_verifier - INFO - Signature V4 — raw_conf=0.817 | smoothed=0.90 | candidats=36 | encre=0.584 | stroke_cx=0.810
2026-05-02 10:10:04,319 - diploma_verifier - INFO - Cachet V4 — raw_conf=0.872 | smoothed=0.93 | couleur=noir | hough=1638 | ellipses=17 | contours=0
2026-05-02 10:10:04,321 - diploma_verifier - INFO - ORCH V5 DIAG — ocr_len=1089 | ocr_conf=0.445 | sig_conf=0.90 | stamp_conf=0.93 | hash=fda84a170f086212
2026-05-02 10:10:04,345 - diploma_verifier - INFO - Analyse texte V5 — nom=False | institution=False | diplôme=True | date=True | phrases=False | semantic=0.494 | struct=2 | density=0.048 | confiance=0.52 | doc_type=diploma | coherence=0.17 | kw_penalty=0.00
2026-05-02 10:10:04,345 - diploma_verifier - DEBUG - Structure boost: 68.0 → 76.2 (count=2)
2026-05-02 10:10:04,346 - diploma_verifier - INFO - Scoring V5 DIAG — raw=68.0 | noise=2.27 | final=78.4 | confidence=high | ocr_conf=0.445 | semantic=0.494 | struct=2 | doc_type=diploma | coherence=0.17 | kw_penalty=0.00 | weights={'has_person_name': 0.2, 'has_degree_keyword': 0.16, 'has_date': 0.1, 'official_mention': 0.1, 'certification_phrase': 0.09, 'signature_confidence': 0.18, 'stamp_confidence': 0.17}
2026-05-02 10:10:04,346 - diploma_verifier - INFO - Analyse terminée — fichier=testrotation.jpg | pays=unknown | score=78.4 | verdict=high | durée=334944ms | flags=[aucun]
2026-05-02 10:10:04,349 - diploma_verifier - DEBUG - Fichier temporaire supprimé : C:\Users\marwe\AppData\Local\Temp\diploma_32aed489b42a492bab151a56cb5b8fb7.jpg
2026-05-02 10:18:40,285 - diploma_verifier - INFO - Requête de vérification reçue : test.jpg
2026-05-02 10:18:40,285 - diploma_verifier - INFO - Validation du fichier : test.jpg
2026-05-02 10:18:40,288 - diploma_verifier - DEBUG - Type MIME détecté : image/jpeg
2026-05-02 10:18:40,290 - diploma_verifier - DEBUG - Fichier temporaire créé : C:\Users\marwe\AppData\Local\Temp\diploma_722efba437ba49558d3efe01da0703ff.jpg
2026-05-02 10:18:40,290 - diploma_verifier - INFO - Fichier validé — mime=image/jpeg | taille=258481 octets | chemin=C:\Users\marwe\AppData\Local\Temp\diploma_722efba437ba49558d3efe01da0703ff.jpg
2026-05-02 10:18:40,290 - diploma_verifier - INFO - Début de l'analyse V5 : test.jpg
2026-05-02 10:18:40,290 - diploma_verifier - DEBUG - Chargement image : C:\Users\marwe\AppData\Local\Temp\diploma_722efba437ba49558d3efe01da0703ff.jpg
2026-05-02 10:18:40,335 - diploma_verifier - INFO - Image convertie — dimensions=1478x2047 | mode=RGB
2026-05-02 10:18:41,110 - diploma_verifier - INFO - Rotation détectée par OSD : 90°
2026-05-02 10:18:47,836 - diploma_verifier - DEBUG - OCR pass [ara] — text_len=676 | confidence=0.423
2026-05-02 10:18:51,925 - diploma_verifier - DEBUG - OCR pass [fra] — text_len=671 | confidence=0.309
2026-05-02 10:18:55,562 - diploma_verifier - DEBUG - OCR pass [eng] — text_len=690 | confidence=0.341
2026-05-02 10:19:03,807 - diploma_verifier - DEBUG - OCR pass [ara+fra] — text_len=690 | confidence=0.434
2026-05-02 10:19:09,232 - diploma_verifier - DEBUG - OCR pass [fra+eng] — text_len=671 | confidence=0.362
2026-05-02 10:19:09,233 - diploma_verifier - DEBUG - OCR semantic — lang=ara | score=0 | confidence=0.423 | text_len=676
2026-05-02 10:19:09,234 - diploma_verifier - DEBUG - OCR semantic — lang=fra | score=0 | confidence=0.309 | text_len=671
2026-05-02 10:19:09,234 - diploma_verifier - DEBUG - OCR semantic — lang=eng | score=0 | confidence=0.341 | text_len=690
2026-05-02 10:19:09,234 - diploma_verifier - DEBUG - OCR semantic — lang=ara+fra | score=0 | confidence=0.434 | text_len=690
2026-05-02 10:19:09,235 - diploma_verifier - DEBUG - OCR semantic — lang=fra+eng | score=0 | confidence=0.362 | text_len=671
2026-05-02 10:19:09,235 - diploma_verifier - INFO - OCR best selection — lang=eng | semantic_score=0 | confidence=0.341 | text_len=690
2026-05-02 10:19:09,236 - diploma_verifier - INFO - OSD semantic faible (0) — fallback 4-rotation activé
2026-05-02 10:19:18,131 - diploma_verifier - DEBUG - OCR pass [ara+fra+eng] — text_len=455 | confidence=0.585
2026-05-02 10:19:18,131 - diploma_verifier - INFO - Rotation fallback 0° → semantic_score=0
2026-05-02 10:19:24,703 - diploma_verifier - DEBUG - OCR pass [ara+fra+eng] — text_len=931 | confidence=0.815
2026-05-02 10:19:24,705 - diploma_verifier - INFO - Rotation fallback 90° → semantic_score=9
2026-05-02 10:19:31,733 - diploma_verifier - DEBUG - OCR pass [ara+fra+eng] — text_len=369 | confidence=0.525
2026-05-02 10:19:31,735 - diploma_verifier - INFO - Rotation fallback 180° → semantic_score=0
2026-05-02 10:19:41,484 - diploma_verifier - DEBUG - OCR pass [ara+fra+eng] — text_len=696 | confidence=0.452
2026-05-02 10:19:41,488 - diploma_verifier - INFO - Rotation fallback 270° → semantic_score=0
2026-05-02 10:19:41,488 - diploma_verifier - INFO - Best rotation selected: 90° (semantic=9)
2026-05-02 10:19:46,120 - diploma_verifier - DEBUG - OCR pass [ara] — text_len=929 | confidence=0.799
2026-05-02 10:19:49,899 - diploma_verifier - DEBUG - OCR pass [fra] — text_len=809 | confidence=0.406
2026-05-02 10:19:53,251 - diploma_verifier - DEBUG - OCR pass [eng] — text_len=832 | confidence=0.477
2026-05-02 10:19:59,042 - diploma_verifier - DEBUG - OCR pass [ara+fra] — text_len=937 | confidence=0.805
2026-05-02 10:20:04,017 - diploma_verifier - DEBUG - OCR pass [fra+eng] — text_len=807 | confidence=0.491
2026-05-02 10:20:04,018 - diploma_verifier - DEBUG - OCR semantic — lang=ara | score=9 | confidence=0.799 | text_len=929
2026-05-02 10:20:04,019 - diploma_verifier - DEBUG - OCR semantic — lang=fra | score=0 | confidence=0.406 | text_len=809
2026-05-02 10:20:04,019 - diploma_verifier - DEBUG - OCR semantic — lang=eng | score=0 | confidence=0.477 | text_len=832
2026-05-02 10:20:04,020 - diploma_verifier - DEBUG - OCR semantic — lang=ara+fra | score=9 | confidence=0.805 | text_len=937
2026-05-02 10:20:04,020 - diploma_verifier - DEBUG - OCR semantic — lang=fra+eng | score=0 | confidence=0.491 | text_len=807
2026-05-02 10:20:04,021 - diploma_verifier - INFO - OCR best selection — lang=ara | semantic_score=9 | confidence=0.799 | text_len=929
2026-05-02 10:20:04,022 - diploma_verifier - INFO - OCR DIAG — text_len=929 | clean_len=112 | confidence=0.799 | hash_seed=5edaa14656f0aace
2026-05-02 10:20:04,044 - diploma_verifier - INFO - OCR terminé — confiance=0.80 | langue=ar | champs extraits=2
2026-05-02 10:20:04,052 - diploma_verifier - INFO - Signature V4 — raw_conf=0.688 | smoothed=0.81 | candidats=2 | encre=0.860 | stroke_cx=0.000
2026-05-02 10:20:05,549 - diploma_verifier - INFO - Cachet V4 — raw_conf=0.750 | smoothed=0.86 | couleur=bleu | hough=382 | ellipses=1 | contours=0
2026-05-02 10:20:05,552 - diploma_verifier - INFO - ORCH V5 DIAG — ocr_len=929 | ocr_conf=0.799 | sig_conf=0.81 | stamp_conf=0.86 | hash=142b60aa099d3cdd
2026-05-02 10:20:05,569 - diploma_verifier - INFO - Analyse texte V5 — nom=False | institution=False | diplôme=True | date=True | phrases=False | semantic=0.494 | struct=2 | density=0.048 | confiance=0.52 | doc_type=diploma | coherence=0.17 | kw_penalty=0.00
2026-05-02 10:20:05,570 - diploma_verifier - DEBUG - Structure boost: 65.2 → 73.0 (count=2)
2026-05-02 10:20:05,570 - diploma_verifier - INFO - Scoring V5 DIAG — raw=65.2 | noise=-3.16 | final=69.9 | confidence=medium | ocr_conf=0.799 | semantic=0.494 | struct=2 | doc_type=diploma | coherence=0.17 | kw_penalty=0.00 | weights={'has_person_name': 0.2, 'has_degree_keyword': 0.16, 'has_date': 0.1, 'official_mention': 0.1, 'certification_phrase': 0.09, 'signature_confidence': 0.18, 'stamp_confidence': 0.17}
2026-05-02 10:20:05,571 - diploma_verifier - INFO - Analyse terminée — fichier=test.jpg | pays=unknown | score=69.9 | verdict=medium | durée=85280ms | flags=[aucun]
2026-05-02 10:20:05,573 - diploma_verifier - DEBUG - Fichier temporaire supprimé : C:\Users\marwe\AppData\Local\Temp\diploma_722efba437ba49558d3efe01da0703ff.jpg
2026-05-02 10:20:18,237 - diploma_verifier - INFO - Requête de vérification reçue : logoedubridge.png
2026-05-02 10:20:18,237 - diploma_verifier - INFO - Validation du fichier : logoedubridge.png
2026-05-02 10:20:18,243 - diploma_verifier - DEBUG - Type MIME détecté : image/png
2026-05-02 10:20:18,246 - diploma_verifier - DEBUG - Fichier temporaire créé : C:\Users\marwe\AppData\Local\Temp\diploma_3f42bd3bbd33490384f60cec01fa34e0.png
2026-05-02 10:20:18,246 - diploma_verifier - INFO - Fichier validé — mime=image/png | taille=4923858 octets | chemin=C:\Users\marwe\AppData\Local\Temp\diploma_3f42bd3bbd33490384f60cec01fa34e0.png
2026-05-02 10:20:18,247 - diploma_verifier - INFO - Début de l'analyse V5 : logoedubridge.png
2026-05-02 10:20:18,247 - diploma_verifier - DEBUG - Chargement image : C:\Users\marwe\AppData\Local\Temp\diploma_3f42bd3bbd33490384f60cec01fa34e0.png
2026-05-02 10:20:18,372 - diploma_verifier - INFO - Image convertie — dimensions=2760x1504 | mode=RGB
2026-05-02 10:20:19,352 - diploma_verifier - DEBUG - OSD rotation detection failed (non-critique) : (1, 'Estimating resolution as 1736 Warning. Invalid resolution 0 dpi. Using 70 instead. Too few characters. Skipping this page Error during processing.')
2026-05-02 10:20:24,017 - diploma_verifier - DEBUG - OCR pass [ara] — text_len=10 | confidence=0.440
2026-05-02 10:20:28,657 - diploma_verifier - DEBUG - OCR pass [fra] — text_len=15 | confidence=0.785
2026-05-02 10:20:33,388 - diploma_verifier - DEBUG - OCR pass [eng] — text_len=13 | confidence=0.745
2026-05-02 10:20:38,866 - diploma_verifier - DEBUG - OCR pass [ara+fra] — text_len=15 | confidence=0.910
2026-05-02 10:20:44,175 - diploma_verifier - DEBUG - OCR pass [fra+eng] — text_len=13 | confidence=0.745
2026-05-02 10:20:44,176 - diploma_verifier - DEBUG - OCR semantic — lang=ara | score=0 | confidence=0.440 | text_len=10
2026-05-02 10:20:44,176 - diploma_verifier - DEBUG - OCR semantic — lang=fra | score=0 | confidence=0.785 | text_len=15
2026-05-02 10:20:44,176 - diploma_verifier - DEBUG - OCR semantic — lang=eng | score=0 | confidence=0.745 | text_len=13
2026-05-02 10:20:44,177 - diploma_verifier - DEBUG - OCR semantic — lang=ara+fra | score=0 | confidence=0.910 | text_len=15
2026-05-02 10:20:44,177 - diploma_verifier - DEBUG - OCR semantic — lang=fra+eng | score=0 | confidence=0.745 | text_len=13
2026-05-02 10:20:44,177 - diploma_verifier - INFO - OCR best selection — lang=fra | semantic_score=0 | confidence=0.785 | text_len=15
2026-05-02 10:20:44,179 - diploma_verifier - INFO - OSD semantic faible (0) — fallback 4-rotation activé
2026-05-02 10:20:50,390 - diploma_verifier - DEBUG - OCR pass [ara+fra+eng] — text_len=13 | confidence=0.745
2026-05-02 10:20:50,392 - diploma_verifier - INFO - Rotation fallback 0° → semantic_score=0
2026-05-02 10:20:55,177 - diploma_verifier - DEBUG - OCR pass [ara+fra+eng] — text_len=28 | confidence=0.545
2026-05-02 10:20:55,180 - diploma_verifier - INFO - Rotation fallback 90° → semantic_score=0
2026-05-02 10:21:01,928 - diploma_verifier - DEBUG - OCR pass [ara+fra+eng] — text_len=21 | confidence=0.316
2026-05-02 10:21:01,931 - diploma_verifier - INFO - Rotation fallback 180° → semantic_score=0
2026-05-02 10:21:07,533 - diploma_verifier - DEBUG - OCR pass [ara+fra+eng] — text_len=25 | confidence=0.554
2026-05-02 10:21:07,535 - diploma_verifier - INFO - Rotation fallback 270° → semantic_score=0
2026-05-02 10:21:07,535 - diploma_verifier - INFO - Best rotation selected: OSD (semantic=0)
2026-05-02 10:21:07,535 - diploma_verifier - INFO - OCR DIAG — text_len=15 | clean_len=12 | confidence=0.785 | hash_seed=730378d87ab02d45
2026-05-02 10:21:07,540 - diploma_verifier - INFO - OCR terminé — confiance=0.79 | langue=unknown | champs extraits=0
2026-05-02 10:21:07,544 - diploma_verifier - INFO - Signature V4 — raw_conf=0.819 | smoothed=0.90 | candidats=9 | encre=0.585 | stroke_cx=0.808
2026-05-02 10:21:07,776 - diploma_verifier - INFO - Cachet V4 — raw_conf=0.861 | smoothed=0.92 | couleur=bleu | hough=105 | ellipses=11 | contours=0
2026-05-02 10:21:07,776 - diploma_verifier - INFO - ORCH V5 DIAG — ocr_len=15 | ocr_conf=0.785 | sig_conf=0.90 | stamp_conf=0.92 | hash=4092092d9cb90a80
2026-05-02 10:21:07,780 - diploma_verifier - INFO - Analyse texte V5 — nom=False | institution=False | diplôme=False | date=False | phrases=False | semantic=0.000 | struct=0 | density=0.000 | confiance=0.00 | doc_type=unknown | coherence=0.00 | kw_penalty=0.00
2026-05-02 10:21:07,780 - diploma_verifier - INFO - diploma_confidence basse (0.00) mais signaux visuels forts (0.91) — poursuite du scoring V5
2026-05-02 10:21:07,780 - diploma_verifier - DEBUG - Structure penalty: 31.8 → 25.5 (count=0)
2026-05-02 10:21:07,780 - diploma_verifier - INFO - Anti-fake: keyword density penalty (25.5 → 19.1 | density=0.000)
2026-05-02 10:21:07,784 - diploma_verifier - DEBUG - V5 doc_type penalty: unknown → -10% (score=17.2)
2026-05-02 10:21:07,784 - diploma_verifier - DEBUG - V5 safety rule: semantic=0.00, struct=0 → capped at 35
2026-05-02 10:21:07,784 - diploma_verifier - INFO - Scoring V5 DIAG — raw=31.8 | noise=3.70 | final=20.9 | confidence=low | ocr_conf=0.785 | semantic=0.000 | struct=0 | doc_type=unknown | coherence=0.00 | kw_penalty=0.00 | weights={'has_person_name': 0.2, 'has_degree_keyword': 0.16, 'has_date': 0.1, 'official_mention': 0.1, 'certification_phrase': 0.09, 'signature_confidence': 0.18, 'stamp_confidence': 0.17}
2026-05-02 10:21:07,784 - diploma_verifier - INFO - Analyse terminée — fichier=logoedubridge.png | pays=unknown | score=20.9 | verdict=low | durée=49536ms | flags=[aucun]
2026-05-02 10:21:07,784 - diploma_verifier - DEBUG - Fichier temporaire supprimé : C:\Users\marwe\AppData\Local\Temp\diploma_3f42bd3bbd33490384f60cec01fa34e0.png
2026-05-02 10:23:27,689 - diploma_verifier - INFO - Démarrage du service Diploma Verifier v2...
2026-05-02 10:23:27,711 - diploma_verifier - INFO - Tesseract trouvé (version 5.4.0.20240606)
2026-05-02 10:23:28,482 - diploma_verifier - INFO - Chargement du modèle spaCy fr_core_news_sm...
2026-05-02 10:23:31,622 - diploma_verifier - INFO - Chargement du modèle spaCy xx_ent_wiki_sm...
2026-05-02 10:23:32,983 - diploma_verifier - INFO - Modèles spaCy chargés avec succès
2026-05-02 10:23:32,983 - diploma_verifier - INFO - Service démarré — prêt à recevoir des requêtes
2026-05-02 10:23:43,370 - diploma_verifier - INFO - Requête de vérification reçue : logoedubridge.png
2026-05-02 10:23:43,370 - diploma_verifier - INFO - Validation du fichier : logoedubridge.png
2026-05-02 10:23:43,375 - diploma_verifier - DEBUG - Type MIME détecté : image/png
2026-05-02 10:23:43,379 - diploma_verifier - DEBUG - Fichier temporaire créé : C:\Users\marwe\AppData\Local\Temp\diploma_4760e2e8962d4fea837a742f74853730.png
2026-05-02 10:23:43,379 - diploma_verifier - INFO - Fichier validé — mime=image/png | taille=4923858 octets | chemin=C:\Users\marwe\AppData\Local\Temp\diploma_4760e2e8962d4fea837a742f74853730.png
2026-05-02 10:23:43,379 - diploma_verifier - INFO - Début de l'analyse V5 : logoedubridge.png
2026-05-02 10:23:43,379 - diploma_verifier - DEBUG - Chargement image : C:\Users\marwe\AppData\Local\Temp\diploma_4760e2e8962d4fea837a742f74853730.png
2026-05-02 10:23:43,515 - diploma_verifier - INFO - Image convertie — dimensions=2760x1504 | mode=RGB
2026-05-02 10:23:44,475 - diploma_verifier - DEBUG - OSD rotation detection failed (non-critique) : (1, 'Estimating resolution as 1736 Warning. Invalid resolution 0 dpi. Using 70 instead. Too few characters. Skipping this page Error during processing.')
2026-05-02 10:23:48,982 - diploma_verifier - DEBUG - OCR pass [ara] — text_len=10 | confidence=0.440
2026-05-02 10:23:53,531 - diploma_verifier - DEBUG - OCR pass [fra] — text_len=15 | confidence=0.785
2026-05-02 10:23:58,074 - diploma_verifier - DEBUG - OCR pass [eng] — text_len=13 | confidence=0.745
2026-05-02 10:24:03,520 - diploma_verifier - DEBUG - OCR pass [ara+fra] — text_len=15 | confidence=0.910
2026-05-02 10:24:08,700 - diploma_verifier - DEBUG - OCR pass [fra+eng] — text_len=13 | confidence=0.745
2026-05-02 10:24:08,701 - diploma_verifier - DEBUG - OCR semantic — lang=ara | score=0 | confidence=0.440 | text_len=10
2026-05-02 10:24:08,701 - diploma_verifier - DEBUG - OCR semantic — lang=fra | score=0 | confidence=0.785 | text_len=15
2026-05-02 10:24:08,702 - diploma_verifier - DEBUG - OCR semantic — lang=eng | score=0 | confidence=0.745 | text_len=13
2026-05-02 10:24:08,702 - diploma_verifier - DEBUG - OCR semantic — lang=ara+fra | score=0 | confidence=0.910 | text_len=15
2026-05-02 10:24:08,702 - diploma_verifier - DEBUG - OCR semantic — lang=fra+eng | score=0 | confidence=0.745 | text_len=13
2026-05-02 10:24:08,703 - diploma_verifier - INFO - OCR best selection — lang=fra | semantic_score=0 | confidence=0.785 | text_len=15
2026-05-02 10:24:08,703 - diploma_verifier - INFO - OSD semantic faible (0) — fallback 4-rotation activé
2026-05-02 10:24:14,396 - diploma_verifier - DEBUG - OCR pass [ara+fra+eng] — text_len=13 | confidence=0.745
2026-05-02 10:24:14,398 - diploma_verifier - INFO - Rotation fallback 0° → semantic_score=0
2026-05-02 10:24:19,166 - diploma_verifier - DEBUG - OCR pass [ara+fra+eng] — text_len=28 | confidence=0.545
2026-05-02 10:24:19,169 - diploma_verifier - INFO - Rotation fallback 90° → semantic_score=0
2026-05-02 10:24:25,913 - diploma_verifier - DEBUG - OCR pass [ara+fra+eng] — text_len=21 | confidence=0.316
2026-05-02 10:24:25,916 - diploma_verifier - INFO - Rotation fallback 180° → semantic_score=0
2026-05-02 10:24:31,493 - diploma_verifier - DEBUG - OCR pass [ara+fra+eng] — text_len=25 | confidence=0.554
2026-05-02 10:24:31,496 - diploma_verifier - INFO - Rotation fallback 270° → semantic_score=0
2026-05-02 10:24:31,497 - diploma_verifier - INFO - Best rotation selected: OSD (semantic=0)
2026-05-02 10:24:31,497 - diploma_verifier - INFO - OCR DIAG — text_len=15 | clean_len=12 | confidence=0.785 | hash_seed=730378d87ab02d45
2026-05-02 10:24:31,504 - diploma_verifier - INFO - OCR terminé — confiance=0.79 | langue=unknown | champs extraits=0
2026-05-02 10:24:31,510 - diploma_verifier - INFO - Signature V4 — raw_conf=0.819 | smoothed=0.90 | candidats=9 | encre=0.585 | stroke_cx=0.808
2026-05-02 10:24:31,757 - diploma_verifier - INFO - Cachet V4 — raw_conf=0.861 | smoothed=0.92 | couleur=bleu | hough=105 | ellipses=11 | contours=0
2026-05-02 10:24:31,759 - diploma_verifier - INFO - ORCH V5 DIAG — ocr_len=15 | ocr_conf=0.785 | sig_conf=0.90 | stamp_conf=0.92 | hash=289ec61ac0a8b664
2026-05-02 10:24:31,764 - diploma_verifier - INFO - Analyse texte V5 — nom=False | institution=False | diplôme=False | date=False | phrases=False | semantic=0.000 | struct=0 | density=0.000 | confiance=0.00 | doc_type=unknown | coherence=0.00 | kw_penalty=0.00
2026-05-02 10:24:31,764 - diploma_verifier - INFO - diploma_confidence basse (0.00) mais signaux visuels forts (0.91) — poursuite du scoring V5
2026-05-02 10:24:31,764 - diploma_verifier - DEBUG - Structure penalty: 31.8 → 25.5 (count=0)
2026-05-02 10:24:31,765 - diploma_verifier - INFO - Anti-fake: keyword density penalty (25.5 → 19.1 | density=0.000)
2026-05-02 10:24:31,765 - diploma_verifier - DEBUG - V5 doc_type penalty: unknown → -10% (score=17.2)
2026-05-02 10:24:31,766 - diploma_verifier - DEBUG - V5 safety rule: semantic=0.00, struct=0 → capped at 35
2026-05-02 10:24:31,766 - diploma_verifier - INFO - V6 no-content ceiling: struct=0 + semantic=0.00 → capped at 18 (was 20.9)
2026-05-02 10:24:31,766 - diploma_verifier - INFO - Scoring V5 DIAG — raw=31.8 | noise=3.70 | final=18.0 | confidence=low | ocr_conf=0.785 | semantic=0.000 | struct=0 | doc_type=unknown | coherence=0.00 | kw_penalty=0.00 | weights={'has_person_name': 0.2, 'has_degree_keyword': 0.16, 'has_date': 0.1, 'official_mention': 0.1, 'certification_phrase': 0.09, 'signature_confidence': 0.18, 'stamp_confidence': 0.17}
2026-05-02 10:24:31,767 - diploma_verifier - INFO - Analyse terminée — fichier=logoedubridge.png | pays=unknown | score=18.0 | verdict=low | durée=48387ms | flags=[aucun]
2026-05-02 10:24:31,769 - diploma_verifier - DEBUG - Fichier temporaire supprimé : C:\Users\marwe\AppData\Local\Temp\diploma_4760e2e8962d4fea837a742f74853730.png
2026-05-02 10:33:19,456 - diploma_verifier - INFO - Démarrage du service Diploma Verifier v2...
2026-05-02 10:33:19,476 - diploma_verifier - INFO - Tesseract trouvé (version 5.4.0.20240606)
2026-05-02 10:33:20,123 - diploma_verifier - INFO - Chargement du modèle spaCy fr_core_news_sm...
2026-05-02 10:33:23,218 - diploma_verifier - INFO - Chargement du modèle spaCy xx_ent_wiki_sm...
2026-05-02 10:33:24,579 - diploma_verifier - INFO - Modèles spaCy chargés avec succès
2026-05-02 10:33:24,579 - diploma_verifier - INFO - Service démarré — prêt à recevoir des requêtes
2026-05-02 10:33:44,804 - diploma_verifier - INFO - Requête de vérification reçue : test1.jpg
2026-05-02 10:33:44,804 - diploma_verifier - INFO - Validation du fichier : test1.jpg
2026-05-02 10:33:44,808 - diploma_verifier - DEBUG - Type MIME détecté : image/jpeg
2026-05-02 10:33:44,810 - diploma_verifier - DEBUG - Fichier temporaire créé : C:\Users\marwe\AppData\Local\Temp\diploma_b8eb3c21a4c742a3bcc15d35867f58c3.jpg
2026-05-02 10:33:44,810 - diploma_verifier - INFO - Fichier validé — mime=image/jpeg | taille=1731717 octets | chemin=C:\Users\marwe\AppData\Local\Temp\diploma_b8eb3c21a4c742a3bcc15d35867f58c3.jpg
2026-05-02 10:33:44,810 - diploma_verifier - INFO - Début de l'analyse V5 : test1.jpg
2026-05-02 10:33:44,810 - diploma_verifier - DEBUG - Chargement image : C:\Users\marwe\AppData\Local\Temp\diploma_b8eb3c21a4c742a3bcc15d35867f58c3.jpg
2026-05-02 10:33:44,834 - diploma_verifier - DEBUG - Redimensionnement de 2574x1812 vers 2000x1407
2026-05-02 10:33:44,944 - diploma_verifier - INFO - Image convertie — dimensions=2000x1407 | mode=RGB
2026-05-02 10:33:50,026 - diploma_verifier - DEBUG - OCR pass [ara+fra+eng] — text_len=864 | confidence=0.496
2026-05-02 10:33:51,702 - diploma_verifier - DEBUG - OCR pass [fra+eng] — text_len=649 | confidence=0.393
2026-05-02 10:33:51,702 - diploma_verifier - DEBUG - OCR semantic — lang=ara+fra+eng | score=6 | confidence=0.496 | text_len=864
2026-05-02 10:33:51,702 - diploma_verifier - DEBUG - OCR semantic — lang=fra+eng | score=0 | confidence=0.393 | text_len=649
2026-05-02 10:33:51,706 - diploma_verifier - INFO - OCR best selection — lang=ara+fra+eng | semantic_score=6 | confidence=0.496 | text_len=864
2026-05-02 10:33:51,706 - diploma_verifier - INFO - OCR DIAG — text_len=864 | clean_len=426 | confidence=0.496 | hash_seed=01585f2fe3ea935c
2026-05-02 10:33:52,036 - diploma_verifier - INFO - OCR terminé — confiance=0.50 | langue=ar | champs extraits=5
2026-05-02 10:33:52,044 - diploma_verifier - INFO - Signature V4 — raw_conf=0.800 | smoothed=0.89 | candidats=11 | encre=0.858 | stroke_cx=0.000
2026-05-02 10:33:52,628 - diploma_verifier - INFO - Cachet V4 — raw_conf=0.924 | smoothed=0.95 | couleur=noir | hough=145 | ellipses=3 | contours=0
2026-05-02 10:33:52,628 - diploma_verifier - INFO - ORCH V5 DIAG — ocr_len=864 | ocr_conf=0.496 | sig_conf=0.89 | stamp_conf=0.95 | hash=9ca299c88f891522
2026-05-02 10:33:52,649 - diploma_verifier - INFO - Analyse texte V5 — nom=True | institution=True | diplôme=True | date=True | phrases=False | semantic=0.748 | struct=3 | density=0.016 | confiance=0.40 | doc_type=diploma | coherence=0.00 | kw_penalty=0.00
2026-05-02 10:33:52,649 - diploma_verifier - DEBUG - Structure boost: 78.2 → 87.6 (count=3)
2026-05-02 10:33:52,653 - diploma_verifier - INFO - Scoring V5 DIAG — raw=78.2 | noise=3.61 | final=91.2 | confidence=high | ocr_conf=0.496 | semantic=0.748 | struct=3 | doc_type=diploma | coherence=0.00 | kw_penalty=0.00 | weights={'has_person_name': 0.2, 'has_degree_keyword': 0.16, 'has_date': 0.1, 'official_mention': 0.1, 'certification_phrase': 0.09, 'signature_confidence': 0.18, 'stamp_confidence': 0.17}
2026-05-02 10:33:52,653 - diploma_verifier - INFO - Analyse terminée — fichier=test1.jpg | pays=unknown | score=91.2 | verdict=high | durée=7842ms | flags=[aucun]
2026-05-02 10:33:52,653 - diploma_verifier - DEBUG - Fichier temporaire supprimé : C:\Users\marwe\AppData\Local\Temp\diploma_b8eb3c21a4c742a3bcc15d35867f58c3.jpg
2026-05-02 10:33:52,976 - diploma_verifier - INFO - Requête de vérification reçue : testrotation.jpg
2026-05-02 10:33:52,980 - diploma_verifier - INFO - Validation du fichier : testrotation.jpg
2026-05-02 10:33:52,980 - diploma_verifier - DEBUG - Type MIME détecté : image/jpeg
2026-05-02 10:33:52,984 - diploma_verifier - DEBUG - Fichier temporaire créé : C:\Users\marwe\AppData\Local\Temp\diploma_d60c7cdc918d4ed4aad5901cd05b03f8.jpg
2026-05-02 10:33:52,984 - diploma_verifier - INFO - Fichier validé — mime=image/jpeg | taille=1837859 octets | chemin=C:\Users\marwe\AppData\Local\Temp\diploma_d60c7cdc918d4ed4aad5901cd05b03f8.jpg
2026-05-02 10:33:52,984 - diploma_verifier - INFO - Début de l'analyse V5 : testrotation.jpg
2026-05-02 10:33:52,984 - diploma_verifier - DEBUG - Chargement image : C:\Users\marwe\AppData\Local\Temp\diploma_d60c7cdc918d4ed4aad5901cd05b03f8.jpg
2026-05-02 10:33:52,989 - diploma_verifier - DEBUG - Redimensionnement de 2058x3012 vers 1366x2000
2026-05-02 10:33:53,104 - diploma_verifier - INFO - Image convertie — dimensions=1366x2000 | mode=RGB
2026-05-02 10:33:54,173 - diploma_verifier - INFO - Rotation détectée par OSD : 270°
2026-05-02 10:33:58,306 - diploma_verifier - DEBUG - OCR pass [ara+fra+eng] — text_len=515 | confidence=0.394
2026-05-02 10:34:00,057 - diploma_verifier - DEBUG - OCR pass [fra+eng] — text_len=442 | confidence=0.365
2026-05-02 10:34:00,058 - diploma_verifier - DEBUG - OCR semantic — lang=ara+fra+eng | score=0 | confidence=0.394 | text_len=515
2026-05-02 10:34:00,058 - diploma_verifier - DEBUG - OCR semantic — lang=fra+eng | score=0 | confidence=0.365 | text_len=442
2026-05-02 10:34:00,058 - diploma_verifier - INFO - OCR best selection — lang=ara+fra+eng | semantic_score=0 | confidence=0.394 | text_len=515
2026-05-02 10:34:00,059 - diploma_verifier - INFO - OSD semantic faible (0) — fallback 4-rotation activé
2026-05-02 10:34:01,909 - diploma_verifier - DEBUG - OCR pass [ara+fra+eng] — text_len=276 | confidence=0.436
2026-05-02 10:34:01,909 - diploma_verifier - INFO - Rotation fallback 0° → semantic_score=0
2026-05-02 10:34:04,503 - diploma_verifier - DEBUG - OCR pass [ara+fra+eng] — text_len=478 | confidence=0.385
2026-05-02 10:34:04,503 - diploma_verifier - INFO - Rotation fallback 90° → semantic_score=0
2026-05-02 10:34:06,099 - diploma_verifier - DEBUG - OCR pass [ara+fra+eng] — text_len=248 | confidence=0.457
2026-05-02 10:34:06,099 - diploma_verifier - INFO - Rotation fallback 180° → semantic_score=0
2026-05-02 10:34:07,959 - diploma_verifier - DEBUG - OCR pass [ara+fra+eng] — text_len=423 | confidence=0.588
2026-05-02 10:34:07,959 - diploma_verifier - INFO - Rotation fallback 270° → semantic_score=6
2026-05-02 10:34:07,968 - diploma_verifier - INFO - Best rotation selected: 270° (semantic=6)
2026-05-02 10:34:12,435 - diploma_verifier - DEBUG - OCR pass [ara+fra+eng] — text_len=1097 | confidence=0.571
2026-05-02 10:34:14,628 - diploma_verifier - DEBUG - OCR pass [fra+eng] — text_len=842 | confidence=0.441
2026-05-02 10:34:14,628 - diploma_verifier - DEBUG - OCR semantic — lang=ara+fra+eng | score=6 | confidence=0.571 | text_len=1097
2026-05-02 10:34:14,628 - diploma_verifier - DEBUG - OCR semantic — lang=fra+eng | score=0 | confidence=0.441 | text_len=842
2026-05-02 10:34:14,628 - diploma_verifier - INFO - OCR best selection — lang=ara+fra+eng | semantic_score=6 | confidence=0.571 | text_len=1097
2026-05-02 10:34:14,628 - diploma_verifier - INFO - OCR DIAG — text_len=1097 | clean_len=395 | confidence=0.571 | hash_seed=5f469803399384b1
2026-05-02 10:34:14,662 - diploma_verifier - INFO - OCR terminé — confiance=0.57 | langue=ar | champs extraits=5
2026-05-02 10:34:14,666 - diploma_verifier - INFO - Signature V4 — raw_conf=0.767 | smoothed=0.87 | candidats=6 | encre=0.540 | stroke_cx=0.766
2026-05-02 10:34:14,954 - diploma_verifier - INFO - Cachet V4 — raw_conf=0.935 | smoothed=0.95 | couleur=noir | hough=95 | ellipses=4 | contours=0
2026-05-02 10:34:14,954 - diploma_verifier - INFO - ORCH V5 DIAG — ocr_len=1097 | ocr_conf=0.571 | sig_conf=0.87 | stamp_conf=0.95 | hash=ef0c1d458f77b4a0
2026-05-02 10:34:14,978 - diploma_verifier - INFO - Analyse texte V5 — nom=True | institution=True | diplôme=True | date=True | phrases=False | semantic=0.748 | struct=3 | density=0.016 | confiance=0.40 | doc_type=diploma | coherence=0.00 | kw_penalty=0.00
2026-05-02 10:34:14,978 - diploma_verifier - DEBUG - Structure boost: 77.8 → 87.1 (count=3)
2026-05-02 10:34:14,978 - diploma_verifier - INFO - Scoring V5 DIAG — raw=77.8 | noise=-3.21 | final=83.9 | confidence=high | ocr_conf=0.571 | semantic=0.748 | struct=3 | doc_type=diploma | coherence=0.00 | kw_penalty=0.00 | weights={'has_person_name': 0.2, 'has_degree_keyword': 0.16, 'has_date': 0.1, 'official_mention': 0.1, 'certification_phrase': 0.09, 'signature_confidence': 0.18, 'stamp_confidence': 0.17}
2026-05-02 10:34:14,983 - diploma_verifier - INFO - Analyse terminée — fichier=testrotation.jpg | pays=unknown | score=83.9 | verdict=high | durée=21998ms | flags=[aucun]
2026-05-02 10:34:14,983 - diploma_verifier - DEBUG - Fichier temporaire supprimé : C:\Users\marwe\AppData\Local\Temp\diploma_d60c7cdc918d4ed4aad5901cd05b03f8.jpg
2026-05-02 10:34:15,317 - diploma_verifier - INFO - Requête de vérification reçue : test.jpg
2026-05-02 10:34:15,317 - diploma_verifier - INFO - Validation du fichier : test.jpg
2026-05-02 10:34:15,319 - diploma_verifier - DEBUG - Type MIME détecté : image/jpeg
2026-05-02 10:34:15,320 - diploma_verifier - DEBUG - Fichier temporaire créé : C:\Users\marwe\AppData\Local\Temp\diploma_ac9da2174d154a878bcf639882a39696.jpg
2026-05-02 10:34:15,320 - diploma_verifier - INFO - Fichier validé — mime=image/jpeg | taille=258481 octets | chemin=C:\Users\marwe\AppData\Local\Temp\diploma_ac9da2174d154a878bcf639882a39696.jpg
2026-05-02 10:34:15,321 - diploma_verifier - INFO - Début de l'analyse V5 : test.jpg
2026-05-02 10:34:15,321 - diploma_verifier - DEBUG - Chargement image : C:\Users\marwe\AppData\Local\Temp\diploma_ac9da2174d154a878bcf639882a39696.jpg
2026-05-02 10:34:15,329 - diploma_verifier - DEBUG - Redimensionnement de 1478x2047 vers 1444x2000
2026-05-02 10:34:15,406 - diploma_verifier - INFO - Image convertie — dimensions=1444x2000 | mode=RGB
2026-05-02 10:34:16,154 - diploma_verifier - INFO - Rotation détectée par OSD : 90°
2026-05-02 10:34:19,762 - diploma_verifier - DEBUG - OCR pass [ara+fra+eng] — text_len=692 | confidence=0.443
2026-05-02 10:34:21,456 - diploma_verifier - DEBUG - OCR pass [fra+eng] — text_len=657 | confidence=0.376
2026-05-02 10:34:21,456 - diploma_verifier - DEBUG - OCR semantic — lang=ara+fra+eng | score=0 | confidence=0.443 | text_len=692
2026-05-02 10:34:21,457 - diploma_verifier - DEBUG - OCR semantic — lang=fra+eng | score=0 | confidence=0.376 | text_len=657
2026-05-02 10:34:21,457 - diploma_verifier - INFO - OCR best selection — lang=ara+fra+eng | semantic_score=0 | confidence=0.443 | text_len=692
2026-05-02 10:34:21,458 - diploma_verifier - INFO - OSD semantic faible (0) — fallback 4-rotation activé
2026-05-02 10:34:22,255 - diploma_verifier - DEBUG - OCR pass [ara+fra+eng] — text_len=89 | confidence=0.596
2026-05-02 10:34:22,255 - diploma_verifier - INFO - Rotation fallback 0° → semantic_score=0
2026-05-02 10:34:24,104 - diploma_verifier - DEBUG - OCR pass [ara+fra+eng] — text_len=899 | confidence=0.707
2026-05-02 10:34:24,104 - diploma_verifier - INFO - Rotation fallback 90° → semantic_score=7
2026-05-02 10:34:24,787 - diploma_verifier - DEBUG - OCR pass [ara+fra+eng] — text_len=86 | confidence=0.500
2026-05-02 10:34:24,787 - diploma_verifier - INFO - Rotation fallback 180° → semantic_score=0
2026-05-02 10:34:27,161 - diploma_verifier - DEBUG - OCR pass [ara+fra+eng] — text_len=505 | confidence=0.391
2026-05-02 10:34:27,162 - diploma_verifier - INFO - Rotation fallback 270° → semantic_score=0
2026-05-02 10:34:27,162 - diploma_verifier - INFO - Best rotation selected: 90° (semantic=7)
2026-05-02 10:34:30,166 - diploma_verifier - DEBUG - OCR pass [ara+fra+eng] — text_len=1032 | confidence=0.784
2026-05-02 10:34:31,876 - diploma_verifier - DEBUG - OCR pass [fra+eng] — text_len=973 | confidence=0.434
2026-05-02 10:34:31,877 - diploma_verifier - DEBUG - OCR semantic — lang=ara+fra+eng | score=13 | confidence=0.784 | text_len=1032
2026-05-02 10:34:31,877 - diploma_verifier - DEBUG - OCR semantic — lang=fra+eng | score=0 | confidence=0.434 | text_len=973
2026-05-02 10:34:31,878 - diploma_verifier - INFO - OCR best selection — lang=ara+fra+eng | semantic_score=13 | confidence=0.784 | text_len=1032
2026-05-02 10:34:31,878 - diploma_verifier - INFO - OCR DIAG — text_len=1032 | clean_len=226 | confidence=0.784 | hash_seed=bf316b44d24b5d90
2026-05-02 10:34:31,902 - diploma_verifier - INFO - OCR terminé — confiance=0.78 | langue=ar | champs extraits=7
2026-05-02 10:34:31,909 - diploma_verifier - INFO - Signature V4 — raw_conf=0.688 | smoothed=0.81 | candidats=2 | encre=0.858 | stroke_cx=0.000
2026-05-02 10:34:32,063 - diploma_verifier - INFO - Cachet V4 — raw_conf=0.750 | smoothed=0.86 | couleur=bleu | hough=102 | ellipses=1 | contours=1
2026-05-02 10:34:32,064 - diploma_verifier - INFO - ORCH V5 DIAG — ocr_len=1032 | ocr_conf=0.784 | sig_conf=0.81 | stamp_conf=0.86 | hash=9d6d8733a7b2a8ac
2026-05-02 10:34:32,083 - diploma_verifier - INFO - Analyse texte V5 — nom=True | institution=True | diplôme=True | date=True | phrases=False | semantic=0.780 | struct=3 | density=0.081 | confiance=0.72 | doc_type=diploma | coherence=0.17 | kw_penalty=0.00
2026-05-02 10:34:32,083 - diploma_verifier - DEBUG - Structure boost: 85.2 → 95.4 (count=3)
2026-05-02 10:34:32,084 - diploma_verifier - INFO - Scoring V5 DIAG — raw=85.2 | noise=-1.90 | final=93.5 | confidence=high | ocr_conf=0.784 | semantic=0.780 | struct=3 | doc_type=diploma | coherence=0.17 | kw_penalty=0.00 | weights={'has_person_name': 0.2, 'has_degree_keyword': 0.16, 'has_date': 0.1, 'official_mention': 0.1, 'certification_phrase': 0.09, 'signature_confidence': 0.18, 'stamp_confidence': 0.17}
2026-05-02 10:34:32,085 - diploma_verifier - INFO - Analyse terminée — fichier=test.jpg | pays=unknown | score=93.5 | verdict=high | durée=16764ms | flags=[aucun]
2026-05-02 10:34:32,086 - diploma_verifier - DEBUG - Fichier temporaire supprimé : C:\Users\marwe\AppData\Local\Temp\diploma_ac9da2174d154a878bcf639882a39696.jpg
2026-05-02 10:34:32,474 - diploma_verifier - INFO - Requête de vérification reçue : logoedubridge.png
2026-05-02 10:34:32,475 - diploma_verifier - INFO - Validation du fichier : logoedubridge.png
2026-05-02 10:34:32,479 - diploma_verifier - DEBUG - Type MIME détecté : image/png
2026-05-02 10:34:32,482 - diploma_verifier - DEBUG - Fichier temporaire créé : C:\Users\marwe\AppData\Local\Temp\diploma_102243f4cb9e4c23bfb0dc891b180aa9.png
2026-05-02 10:34:32,482 - diploma_verifier - INFO - Fichier validé — mime=image/png | taille=4923858 octets | chemin=C:\Users\marwe\AppData\Local\Temp\diploma_102243f4cb9e4c23bfb0dc891b180aa9.png
2026-05-02 10:34:32,483 - diploma_verifier - INFO - Début de l'analyse V5 : logoedubridge.png
2026-05-02 10:34:32,483 - diploma_verifier - DEBUG - Chargement image : C:\Users\marwe\AppData\Local\Temp\diploma_102243f4cb9e4c23bfb0dc891b180aa9.png
2026-05-02 10:34:32,570 - diploma_verifier - DEBUG - Redimensionnement de 2760x1504 vers 2000x1089
2026-05-02 10:34:32,635 - diploma_verifier - INFO - Image convertie — dimensions=2000x1089 | mode=RGB
2026-05-02 10:34:33,176 - diploma_verifier - DEBUG - OSD rotation detection failed (non-critique) : (1, 'Estimating resolution as 1259 Warning. Invalid resolution 0 dpi. Using 70 instead. Too few characters. Skipping this page Error during processing.')
2026-05-02 10:34:33,993 - diploma_verifier - DEBUG - OCR pass [ara+fra+eng] — text_len=13 | confidence=0.740
2026-05-02 10:34:34,718 - diploma_verifier - DEBUG - OCR pass [fra+eng] — text_len=13 | confidence=0.740
2026-05-02 10:34:34,718 - diploma_verifier - DEBUG - OCR semantic — lang=ara+fra+eng | score=0 | confidence=0.740 | text_len=13
2026-05-02 10:34:34,718 - diploma_verifier - DEBUG - OCR semantic — lang=fra+eng | score=0 | confidence=0.740 | text_len=13
2026-05-02 10:34:34,720 - diploma_verifier - INFO - OCR best selection — lang=ara+fra+eng | semantic_score=0 | confidence=0.740 | text_len=13
2026-05-02 10:34:34,720 - diploma_verifier - INFO - OSD semantic faible (0) — fallback 4-rotation activé
2026-05-02 10:34:35,052 - diploma_verifier - DEBUG - OCR pass [ara+fra+eng] — text_len=13 | confidence=0.635
2026-05-02 10:34:35,052 - diploma_verifier - INFO - Rotation fallback 0° → semantic_score=0
2026-05-02 10:34:35,505 - diploma_verifier - DEBUG - OCR pass [ara+fra+eng] — text_len=29 | confidence=0.560
2026-05-02 10:34:35,506 - diploma_verifier - INFO - Rotation fallback 90° → semantic_score=0
2026-05-02 10:34:35,882 - diploma_verifier - DEBUG - OCR pass [ara+fra+eng] — text_len=6 | confidence=0.445
2026-05-02 10:34:35,883 - diploma_verifier - INFO - Rotation fallback 180° → semantic_score=0
2026-05-02 10:34:36,304 - diploma_verifier - DEBUG - OCR pass [ara+fra+eng] — text_len=34 | confidence=0.509
2026-05-02 10:34:36,304 - diploma_verifier - INFO - Rotation fallback 270° → semantic_score=0
2026-05-02 10:34:36,305 - diploma_verifier - INFO - Best rotation selected: OSD (semantic=0)
2026-05-02 10:34:36,305 - diploma_verifier - INFO - OCR DIAG — text_len=13 | clean_len=13 | confidence=0.740 | hash_seed=25dbd58c478ef9f7
2026-05-02 10:34:36,313 - diploma_verifier - INFO - OCR terminé — confiance=0.74 | langue=unknown | champs extraits=3
2026-05-02 10:34:36,318 - diploma_verifier - INFO - Signature V4 — raw_conf=0.718 | smoothed=0.83 | candidats=9 | encre=0.593 | stroke_cx=0.722
2026-05-02 10:34:36,345 - diploma_verifier - INFO - Cachet V4 — raw_conf=0.780 | smoothed=0.88 | couleur=bleu | hough=21 | ellipses=6 | contours=0
2026-05-02 10:34:36,346 - diploma_verifier - INFO - ORCH V5 DIAG — ocr_len=13 | ocr_conf=0.740 | sig_conf=0.83 | stamp_conf=0.88 | hash=ac2301e1f7dbf351
2026-05-02 10:34:36,350 - diploma_verifier - INFO - Analyse texte V5 — nom=True | institution=False | diplôme=False | date=False | phrases=False | semantic=0.270 | struct=1 | density=0.000 | confiance=0.14 | doc_type=unknown | coherence=0.00 | kw_penalty=0.00
2026-05-02 10:34:36,350 - diploma_verifier - INFO - diploma_confidence basse (0.14) mais signaux visuels forts (0.85) — poursuite du scoring V5
2026-05-02 10:34:36,350 - diploma_verifier - DEBUG - V5 doc_type penalty: unknown → -10% (score=44.9)
2026-05-02 10:34:36,351 - diploma_verifier - DEBUG - V5 safety rule: semantic=0.27, struct=1 → capped at 35
2026-05-02 10:34:36,351 - diploma_verifier - INFO - Scoring V5 DIAG — raw=49.9 | noise=2.52 | final=35.0 | confidence=medium | ocr_conf=0.740 | semantic=0.270 | struct=1 | doc_type=unknown | coherence=0.00 | kw_penalty=0.00 | weights={'has_person_name': 0.2, 'has_degree_keyword': 0.16, 'has_date': 0.1, 'official_mention': 0.1, 'certification_phrase': 0.09, 'signature_confidence': 0.18, 'stamp_confidence': 0.17}
2026-05-02 10:34:36,351 - diploma_verifier - INFO - Analyse terminée — fichier=logoedubridge.png | pays=unknown | score=35.0 | verdict=medium | durée=3867ms | flags=[aucun]
2026-05-02 10:34:36,353 - diploma_verifier - DEBUG - Fichier temporaire supprimé : C:\Users\marwe\AppData\Local\Temp\diploma_102243f4cb9e4c23bfb0dc891b180aa9.png
2026-05-02 10:34:54,820 - diploma_verifier - INFO - Requête de vérification reçue : test1.jpg
2026-05-02 10:34:54,820 - diploma_verifier - INFO - Validation du fichier : test1.jpg
2026-05-02 10:34:54,824 - diploma_verifier - DEBUG - Type MIME détecté : image/jpeg
2026-05-02 10:34:54,826 - diploma_verifier - DEBUG - Fichier temporaire créé : C:\Users\marwe\AppData\Local\Temp\diploma_60a4b3435fa049ff8a152dddabe3fe05.jpg
2026-05-02 10:34:54,826 - diploma_verifier - INFO - Fichier validé — mime=image/jpeg | taille=1731717 octets | chemin=C:\Users\marwe\AppData\Local\Temp\diploma_60a4b3435fa049ff8a152dddabe3fe05.jpg
2026-05-02 10:34:54,826 - diploma_verifier - INFO - Début de l'analyse V5 : test1.jpg
2026-05-02 10:34:54,827 - diploma_verifier - DEBUG - Chargement image : C:\Users\marwe\AppData\Local\Temp\diploma_60a4b3435fa049ff8a152dddabe3fe05.jpg
2026-05-02 10:34:54,836 - diploma_verifier - DEBUG - Redimensionnement de 2574x1812 vers 2000x1407
2026-05-02 10:34:54,945 - diploma_verifier - INFO - Image convertie — dimensions=2000x1407 | mode=RGB
2026-05-02 10:34:59,782 - diploma_verifier - DEBUG - OCR pass [ara+fra+eng] — text_len=864 | confidence=0.496
2026-05-02 10:35:01,457 - diploma_verifier - DEBUG - OCR pass [fra+eng] — text_len=649 | confidence=0.393
2026-05-02 10:35:01,457 - diploma_verifier - DEBUG - OCR semantic — lang=ara+fra+eng | score=6 | confidence=0.496 | text_len=864
2026-05-02 10:35:01,457 - diploma_verifier - DEBUG - OCR semantic — lang=fra+eng | score=0 | confidence=0.393 | text_len=649
2026-05-02 10:35:01,458 - diploma_verifier - INFO - OCR best selection — lang=ara+fra+eng | semantic_score=6 | confidence=0.496 | text_len=864
2026-05-02 10:35:01,459 - diploma_verifier - INFO - OCR DIAG — text_len=864 | clean_len=426 | confidence=0.496 | hash_seed=01585f2fe3ea935c
2026-05-02 10:35:01,481 - diploma_verifier - INFO - OCR terminé — confiance=0.50 | langue=ar | champs extraits=5
2026-05-02 10:35:01,488 - diploma_verifier - INFO - Signature V4 — raw_conf=0.800 | smoothed=0.89 | candidats=11 | encre=0.858 | stroke_cx=0.000
2026-05-02 10:35:01,936 - diploma_verifier - INFO - Cachet V4 — raw_conf=0.924 | smoothed=0.95 | couleur=noir | hough=145 | ellipses=3 | contours=0
2026-05-02 10:35:01,938 - diploma_verifier - INFO - ORCH V5 DIAG — ocr_len=864 | ocr_conf=0.496 | sig_conf=0.89 | stamp_conf=0.95 | hash=7e06583b871a984b
2026-05-02 10:35:01,957 - diploma_verifier - INFO - Analyse texte V5 — nom=True | institution=True | diplôme=True | date=True | phrases=False | semantic=0.748 | struct=3 | density=0.016 | confiance=0.40 | doc_type=diploma | coherence=0.00 | kw_penalty=0.00
2026-05-02 10:35:01,957 - diploma_verifier - DEBUG - Structure boost: 78.2 → 87.6 (count=3)
2026-05-02 10:35:01,958 - diploma_verifier - INFO - Scoring V5 DIAG — raw=78.2 | noise=3.61 | final=91.2 | confidence=high | ocr_conf=0.496 | semantic=0.748 | struct=3 | doc_type=diploma | coherence=0.00 | kw_penalty=0.00 | weights={'has_person_name': 0.2, 'has_degree_keyword': 0.16, 'has_date': 0.1, 'official_mention': 0.1, 'certification_phrase': 0.09, 'signature_confidence': 0.18, 'stamp_confidence': 0.17}
2026-05-02 10:35:01,958 - diploma_verifier - INFO - Analyse terminée — fichier=test1.jpg | pays=unknown | score=91.2 | verdict=high | durée=7131ms | flags=[aucun]
2026-05-02 10:35:01,960 - diploma_verifier - DEBUG - Fichier temporaire supprimé : C:\Users\marwe\AppData\Local\Temp\diploma_60a4b3435fa049ff8a152dddabe3fe05.jpg
2026-05-02 10:35:02,283 - diploma_verifier - INFO - Requête de vérification reçue : testrotation.jpg
2026-05-02 10:35:02,284 - diploma_verifier - INFO - Validation du fichier : testrotation.jpg
2026-05-02 10:35:02,287 - diploma_verifier - DEBUG - Type MIME détecté : image/jpeg
2026-05-02 10:35:02,288 - diploma_verifier - DEBUG - Fichier temporaire créé : C:\Users\marwe\AppData\Local\Temp\diploma_ece184e6615648e2b934a9bf8ed258ea.jpg
2026-05-02 10:35:02,288 - diploma_verifier - INFO - Fichier validé — mime=image/jpeg | taille=1837859 octets | chemin=C:\Users\marwe\AppData\Local\Temp\diploma_ece184e6615648e2b934a9bf8ed258ea.jpg
2026-05-02 10:35:02,289 - diploma_verifier - INFO - Début de l'analyse V5 : testrotation.jpg
2026-05-02 10:35:02,289 - diploma_verifier - DEBUG - Chargement image : C:\Users\marwe\AppData\Local\Temp\diploma_ece184e6615648e2b934a9bf8ed258ea.jpg
2026-05-02 10:35:02,296 - diploma_verifier - DEBUG - Redimensionnement de 2058x3012 vers 1366x2000
2026-05-02 10:35:02,408 - diploma_verifier - INFO - Image convertie — dimensions=1366x2000 | mode=RGB
2026-05-02 10:35:03,416 - diploma_verifier - INFO - Rotation détectée par OSD : 270°
2026-05-02 10:35:07,413 - diploma_verifier - DEBUG - OCR pass [ara+fra+eng] — text_len=515 | confidence=0.394
2026-05-02 10:35:09,137 - diploma_verifier - DEBUG - OCR pass [fra+eng] — text_len=442 | confidence=0.365
2026-05-02 10:35:09,139 - diploma_verifier - DEBUG - OCR semantic — lang=ara+fra+eng | score=0 | confidence=0.394 | text_len=515
2026-05-02 10:35:09,139 - diploma_verifier - DEBUG - OCR semantic — lang=fra+eng | score=0 | confidence=0.365 | text_len=442
2026-05-02 10:35:09,139 - diploma_verifier - INFO - OCR best selection — lang=ara+fra+eng | semantic_score=0 | confidence=0.394 | text_len=515
2026-05-02 10:35:09,139 - diploma_verifier - INFO - OSD semantic faible (0) — fallback 4-rotation activé
2026-05-02 10:35:10,951 - diploma_verifier - DEBUG - OCR pass [ara+fra+eng] — text_len=276 | confidence=0.436
2026-05-02 10:35:10,951 - diploma_verifier - INFO - Rotation fallback 0° → semantic_score=0
2026-05-02 10:35:13,472 - diploma_verifier - DEBUG - OCR pass [ara+fra+eng] — text_len=478 | confidence=0.385
2026-05-02 10:35:13,473 - diploma_verifier - INFO - Rotation fallback 90° → semantic_score=0
2026-05-02 10:35:14,965 - diploma_verifier - DEBUG - OCR pass [ara+fra+eng] — text_len=248 | confidence=0.457
2026-05-02 10:35:14,966 - diploma_verifier - INFO - Rotation fallback 180° → semantic_score=0
2026-05-02 10:35:16,760 - diploma_verifier - DEBUG - OCR pass [ara+fra+eng] — text_len=423 | confidence=0.588
2026-05-02 10:35:16,760 - diploma_verifier - INFO - Rotation fallback 270° → semantic_score=6
2026-05-02 10:35:16,768 - diploma_verifier - INFO - Best rotation selected: 270° (semantic=6)
2026-05-02 10:35:21,108 - diploma_verifier - DEBUG - OCR pass [ara+fra+eng] — text_len=1097 | confidence=0.571
2026-05-02 10:35:23,244 - diploma_verifier - DEBUG - OCR pass [fra+eng] — text_len=842 | confidence=0.441
2026-05-02 10:35:23,244 - diploma_verifier - DEBUG - OCR semantic — lang=ara+fra+eng | score=6 | confidence=0.571 | text_len=1097
2026-05-02 10:35:23,245 - diploma_verifier - DEBUG - OCR semantic — lang=fra+eng | score=0 | confidence=0.441 | text_len=842
2026-05-02 10:35:23,245 - diploma_verifier - INFO - OCR best selection — lang=ara+fra+eng | semantic_score=6 | confidence=0.571 | text_len=1097
2026-05-02 10:35:23,246 - diploma_verifier - INFO - OCR DIAG — text_len=1097 | clean_len=395 | confidence=0.571 | hash_seed=5f469803399384b1
2026-05-02 10:35:23,271 - diploma_verifier - INFO - OCR terminé — confiance=0.57 | langue=ar | champs extraits=5
2026-05-02 10:35:23,279 - diploma_verifier - INFO - Signature V4 — raw_conf=0.767 | smoothed=0.87 | candidats=6 | encre=0.540 | stroke_cx=0.766
2026-05-02 10:35:23,531 - diploma_verifier - INFO - Cachet V4 — raw_conf=0.935 | smoothed=0.95 | couleur=noir | hough=95 | ellipses=4 | contours=0
2026-05-02 10:35:23,532 - diploma_verifier - INFO - ORCH V5 DIAG — ocr_len=1097 | ocr_conf=0.571 | sig_conf=0.87 | stamp_conf=0.95 | hash=76a756884cb1a24e
2026-05-02 10:35:23,557 - diploma_verifier - INFO - Analyse texte V5 — nom=True | institution=True | diplôme=True | date=True | phrases=False | semantic=0.748 | struct=3 | density=0.016 | confiance=0.40 | doc_type=diploma | coherence=0.00 | kw_penalty=0.00
2026-05-02 10:35:23,557 - diploma_verifier - DEBUG - Structure boost: 77.8 → 87.1 (count=3)
2026-05-02 10:35:23,558 - diploma_verifier - INFO - Scoring V5 DIAG — raw=77.8 | noise=-3.21 | final=83.9 | confidence=high | ocr_conf=0.571 | semantic=0.748 | struct=3 | doc_type=diploma | coherence=0.00 | kw_penalty=0.00 | weights={'has_person_name': 0.2, 'has_degree_keyword': 0.16, 'has_date': 0.1, 'official_mention': 0.1, 'certification_phrase': 0.09, 'signature_confidence': 0.18, 'stamp_confidence': 0.17}
2026-05-02 10:35:23,559 - diploma_verifier - INFO - Analyse terminée — fichier=testrotation.jpg | pays=unknown | score=83.9 | verdict=high | durée=21270ms | flags=[aucun]
2026-05-02 10:35:23,561 - diploma_verifier - DEBUG - Fichier temporaire supprimé : C:\Users\marwe\AppData\Local\Temp\diploma_ece184e6615648e2b934a9bf8ed258ea.jpg
2026-05-02 10:35:23,873 - diploma_verifier - INFO - Requête de vérification reçue : test.jpg
2026-05-02 10:35:23,874 - diploma_verifier - INFO - Validation du fichier : test.jpg
2026-05-02 10:35:23,876 - diploma_verifier - DEBUG - Type MIME détecté : image/jpeg
2026-05-02 10:35:23,877 - diploma_verifier - DEBUG - Fichier temporaire créé : C:\Users\marwe\AppData\Local\Temp\diploma_eed7070cfd9344b59821c11548fc9a71.jpg
2026-05-02 10:35:23,877 - diploma_verifier - INFO - Fichier validé — mime=image/jpeg | taille=258481 octets | chemin=C:\Users\marwe\AppData\Local\Temp\diploma_eed7070cfd9344b59821c11548fc9a71.jpg
2026-05-02 10:35:23,877 - diploma_verifier - INFO - Début de l'analyse V5 : test.jpg
2026-05-02 10:35:23,878 - diploma_verifier - DEBUG - Chargement image : C:\Users\marwe\AppData\Local\Temp\diploma_eed7070cfd9344b59821c11548fc9a71.jpg
2026-05-02 10:35:23,884 - diploma_verifier - DEBUG - Redimensionnement de 1478x2047 vers 1444x2000
2026-05-02 10:35:23,961 - diploma_verifier - INFO - Image convertie — dimensions=1444x2000 | mode=RGB
2026-05-02 10:35:24,675 - diploma_verifier - INFO - Rotation détectée par OSD : 90°
2026-05-02 10:35:28,363 - diploma_verifier - DEBUG - OCR pass [ara+fra+eng] — text_len=692 | confidence=0.443
2026-05-02 10:35:30,129 - diploma_verifier - DEBUG - OCR pass [fra+eng] — text_len=657 | confidence=0.376
2026-05-02 10:35:30,129 - diploma_verifier - DEBUG - OCR semantic — lang=ara+fra+eng | score=0 | confidence=0.443 | text_len=692
2026-05-02 10:35:30,129 - diploma_verifier - DEBUG - OCR semantic — lang=fra+eng | score=0 | confidence=0.376 | text_len=657
2026-05-02 10:35:30,129 - diploma_verifier - INFO - OCR best selection — lang=ara+fra+eng | semantic_score=0 | confidence=0.443 | text_len=692
2026-05-02 10:35:30,129 - diploma_verifier - INFO - OSD semantic faible (0) — fallback 4-rotation activé
2026-05-02 10:35:30,896 - diploma_verifier - DEBUG - OCR pass [ara+fra+eng] — text_len=89 | confidence=0.596
2026-05-02 10:35:30,896 - diploma_verifier - INFO - Rotation fallback 0° → semantic_score=0
2026-05-02 10:35:32,885 - diploma_verifier - DEBUG - OCR pass [ara+fra+eng] — text_len=899 | confidence=0.707
2026-05-02 10:35:32,885 - diploma_verifier - INFO - Rotation fallback 90° → semantic_score=7
2026-05-02 10:35:33,617 - diploma_verifier - DEBUG - OCR pass [ara+fra+eng] — text_len=86 | confidence=0.500
2026-05-02 10:35:33,617 - diploma_verifier - INFO - Rotation fallback 180° → semantic_score=0
2026-05-02 10:35:36,019 - diploma_verifier - DEBUG - OCR pass [ara+fra+eng] — text_len=505 | confidence=0.391
2026-05-02 10:35:36,019 - diploma_verifier - INFO - Rotation fallback 270° → semantic_score=0
2026-05-02 10:35:36,020 - diploma_verifier - INFO - Best rotation selected: 90° (semantic=7)
2026-05-02 10:35:39,123 - diploma_verifier - DEBUG - OCR pass [ara+fra+eng] — text_len=1032 | confidence=0.784
2026-05-02 10:35:41,035 - diploma_verifier - DEBUG - OCR pass [fra+eng] — text_len=973 | confidence=0.434
2026-05-02 10:35:41,035 - diploma_verifier - DEBUG - OCR semantic — lang=ara+fra+eng | score=13 | confidence=0.784 | text_len=1032
2026-05-02 10:35:41,035 - diploma_verifier - DEBUG - OCR semantic — lang=fra+eng | score=0 | confidence=0.434 | text_len=973
2026-05-02 10:35:41,035 - diploma_verifier - INFO - OCR best selection — lang=ara+fra+eng | semantic_score=13 | confidence=0.784 | text_len=1032
2026-05-02 10:35:41,035 - diploma_verifier - INFO - OCR DIAG — text_len=1032 | clean_len=226 | confidence=0.784 | hash_seed=bf316b44d24b5d90
2026-05-02 10:35:41,062 - diploma_verifier - INFO - OCR terminé — confiance=0.78 | langue=ar | champs extraits=7
2026-05-02 10:35:41,068 - diploma_verifier - INFO - Signature V4 — raw_conf=0.688 | smoothed=0.81 | candidats=2 | encre=0.858 | stroke_cx=0.000
2026-05-02 10:35:41,228 - diploma_verifier - INFO - Cachet V4 — raw_conf=0.750 | smoothed=0.86 | couleur=bleu | hough=102 | ellipses=1 | contours=1
2026-05-02 10:35:41,228 - diploma_verifier - INFO - ORCH V5 DIAG — ocr_len=1032 | ocr_conf=0.784 | sig_conf=0.81 | stamp_conf=0.86 | hash=229eaf14cbe5ddb6
2026-05-02 10:35:41,248 - diploma_verifier - INFO - Analyse texte V5 — nom=True | institution=True | diplôme=True | date=True | phrases=False | semantic=0.780 | struct=3 | density=0.081 | confiance=0.72 | doc_type=diploma | coherence=0.17 | kw_penalty=0.00
2026-05-02 10:35:41,248 - diploma_verifier - DEBUG - Structure boost: 85.2 → 95.4 (count=3)
2026-05-02 10:35:41,248 - diploma_verifier - INFO - Scoring V5 DIAG — raw=85.2 | noise=-1.90 | final=93.5 | confidence=high | ocr_conf=0.784 | semantic=0.780 | struct=3 | doc_type=diploma | coherence=0.17 | kw_penalty=0.00 | weights={'has_person_name': 0.2, 'has_degree_keyword': 0.16, 'has_date': 0.1, 'official_mention': 0.1, 'certification_phrase': 0.09, 'signature_confidence': 0.18, 'stamp_confidence': 0.17}
2026-05-02 10:35:41,248 - diploma_verifier - INFO - Analyse terminée — fichier=test.jpg | pays=unknown | score=93.5 | verdict=high | durée=17371ms | flags=[aucun]
2026-05-02 10:35:41,252 - diploma_verifier - DEBUG - Fichier temporaire supprimé : C:\Users\marwe\AppData\Local\Temp\diploma_eed7070cfd9344b59821c11548fc9a71.jpg
2026-05-02 10:35:41,594 - diploma_verifier - INFO - Requête de vérification reçue : logoedubridge.png
2026-05-02 10:35:41,594 - diploma_verifier - INFO - Validation du fichier : logoedubridge.png
2026-05-02 10:35:41,599 - diploma_verifier - DEBUG - Type MIME détecté : image/png
2026-05-02 10:35:41,603 - diploma_verifier - DEBUG - Fichier temporaire créé : C:\Users\marwe\AppData\Local\Temp\diploma_b5ec816edd774237b249876b1e103141.png
2026-05-02 10:35:41,603 - diploma_verifier - INFO - Fichier validé — mime=image/png | taille=4923858 octets | chemin=C:\Users\marwe\AppData\Local\Temp\diploma_b5ec816edd774237b249876b1e103141.png
2026-05-02 10:35:41,603 - diploma_verifier - INFO - Début de l'analyse V5 : logoedubridge.png
2026-05-02 10:35:41,603 - diploma_verifier - DEBUG - Chargement image : C:\Users\marwe\AppData\Local\Temp\diploma_b5ec816edd774237b249876b1e103141.png
2026-05-02 10:35:41,686 - diploma_verifier - DEBUG - Redimensionnement de 2760x1504 vers 2000x1089
2026-05-02 10:35:41,749 - diploma_verifier - INFO - Image convertie — dimensions=2000x1089 | mode=RGB
2026-05-02 10:35:42,318 - diploma_verifier - DEBUG - OSD rotation detection failed (non-critique) : (1, 'Estimating resolution as 1259 Warning. Invalid resolution 0 dpi. Using 70 instead. Too few characters. Skipping this page Error during processing.')
2026-05-02 10:35:43,122 - diploma_verifier - DEBUG - OCR pass [ara+fra+eng] — text_len=13 | confidence=0.740
2026-05-02 10:35:43,840 - diploma_verifier - DEBUG - OCR pass [fra+eng] — text_len=13 | confidence=0.740
2026-05-02 10:35:43,840 - diploma_verifier - DEBUG - OCR semantic — lang=ara+fra+eng | score=0 | confidence=0.740 | text_len=13
2026-05-02 10:35:43,840 - diploma_verifier - DEBUG - OCR semantic — lang=fra+eng | score=0 | confidence=0.740 | text_len=13
2026-05-02 10:35:43,840 - diploma_verifier - INFO - OCR best selection — lang=ara+fra+eng | semantic_score=0 | confidence=0.740 | text_len=13
2026-05-02 10:35:43,844 - diploma_verifier - INFO - OSD semantic faible (0) — fallback 4-rotation activé
2026-05-02 10:35:44,175 - diploma_verifier - DEBUG - OCR pass [ara+fra+eng] — text_len=13 | confidence=0.635
2026-05-02 10:35:44,175 - diploma_verifier - INFO - Rotation fallback 0° → semantic_score=0
2026-05-02 10:35:44,578 - diploma_verifier - DEBUG - OCR pass [ara+fra+eng] — text_len=29 | confidence=0.560
2026-05-02 10:35:44,578 - diploma_verifier - INFO - Rotation fallback 90° → semantic_score=0
2026-05-02 10:35:44,950 - diploma_verifier - DEBUG - OCR pass [ara+fra+eng] — text_len=6 | confidence=0.445
2026-05-02 10:35:44,950 - diploma_verifier - INFO - Rotation fallback 180° → semantic_score=0
2026-05-02 10:35:45,369 - diploma_verifier - DEBUG - OCR pass [ara+fra+eng] — text_len=34 | confidence=0.509
2026-05-02 10:35:45,369 - diploma_verifier - INFO - Rotation fallback 270° → semantic_score=0
2026-05-02 10:35:45,369 - diploma_verifier - INFO - Best rotation selected: OSD (semantic=0)
2026-05-02 10:35:45,370 - diploma_verifier - INFO - OCR DIAG — text_len=13 | clean_len=13 | confidence=0.740 | hash_seed=25dbd58c478ef9f7
2026-05-02 10:35:45,375 - diploma_verifier - INFO - OCR terminé — confiance=0.74 | langue=unknown | champs extraits=3
2026-05-02 10:35:45,379 - diploma_verifier - INFO - Signature V4 — raw_conf=0.718 | smoothed=0.83 | candidats=9 | encre=0.593 | stroke_cx=0.722
2026-05-02 10:35:45,409 - diploma_verifier - INFO - Cachet V4 — raw_conf=0.780 | smoothed=0.88 | couleur=bleu | hough=21 | ellipses=6 | contours=0
2026-05-02 10:35:45,410 - diploma_verifier - INFO - ORCH V5 DIAG — ocr_len=13 | ocr_conf=0.740 | sig_conf=0.83 | stamp_conf=0.88 | hash=baa296439bac3107
2026-05-02 10:35:45,414 - diploma_verifier - INFO - Analyse texte V5 — nom=True | institution=False | diplôme=False | date=False | phrases=False | semantic=0.270 | struct=1 | density=0.000 | confiance=0.14 | doc_type=unknown | coherence=0.00 | kw_penalty=0.00
2026-05-02 10:35:45,415 - diploma_verifier - INFO - diploma_confidence basse (0.14) mais signaux visuels forts (0.85) — poursuite du scoring V5
2026-05-02 10:35:45,415 - diploma_verifier - DEBUG - V5 doc_type penalty: unknown → -10% (score=44.9)
2026-05-02 10:35:45,416 - diploma_verifier - DEBUG - V5 safety rule: semantic=0.27, struct=1 → capped at 35
2026-05-02 10:35:45,416 - diploma_verifier - INFO - Scoring V5 DIAG — raw=49.9 | noise=2.52 | final=35.0 | confidence=medium | ocr_conf=0.740 | semantic=0.270 | struct=1 | doc_type=unknown | coherence=0.00 | kw_penalty=0.00 | weights={'has_person_name': 0.2, 'has_degree_keyword': 0.16, 'has_date': 0.1, 'official_mention': 0.1, 'certification_phrase': 0.09, 'signature_confidence': 0.18, 'stamp_confidence': 0.17}
2026-05-02 10:35:45,416 - diploma_verifier - INFO - Analyse terminée — fichier=logoedubridge.png | pays=unknown | score=35.0 | verdict=medium | durée=3813ms | flags=[aucun]
2026-05-02 10:35:45,418 - diploma_verifier - DEBUG - Fichier temporaire supprimé : C:\Users\marwe\AppData\Local\Temp\diploma_b5ec816edd774237b249876b1e103141.png
2026-05-02 14:20:02,981 - diploma_verifier - INFO - Démarrage du service Diploma Verifier v2...
2026-05-02 14:20:02,996 - diploma_verifier - INFO - Tesseract trouvé (version 5.4.0.20240606)
2026-05-02 14:20:07,547 - diploma_verifier - INFO - Chargement du modèle spaCy fr_core_news_sm...
2026-05-02 14:20:10,781 - diploma_verifier - INFO - Chargement du modèle spaCy xx_ent_wiki_sm...
2026-05-02 14:20:12,154 - diploma_verifier - INFO - Modèles spaCy chargés avec succès
2026-05-02 14:20:12,155 - diploma_verifier - INFO - Service démarré — prêt à recevoir des requêtes
2026-05-02 14:20:29,990 - diploma_verifier - INFO - Requête de vérification reçue : test1.jpg
2026-05-02 14:20:29,991 - diploma_verifier - INFO - Validation du fichier : test1.jpg
2026-05-02 14:20:30,000 - diploma_verifier - DEBUG - Type MIME détecté : image/jpeg
2026-05-02 14:20:30,003 - diploma_verifier - DEBUG - Fichier temporaire créé : C:\Users\marwe\AppData\Local\Temp\diploma_49fc50a9c0be4daabcb3d2bf2e26769a.jpg
2026-05-02 14:20:30,003 - diploma_verifier - INFO - Fichier validé — mime=image/jpeg | taille=1731717 octets | chemin=C:\Users\marwe\AppData\Local\Temp\diploma_49fc50a9c0be4daabcb3d2bf2e26769a.jpg
2026-05-02 14:20:30,003 - diploma_verifier - INFO - Début de l'analyse V5 : test1.jpg
2026-05-02 14:20:30,003 - diploma_verifier - DEBUG - Chargement image : C:\Users\marwe\AppData\Local\Temp\diploma_49fc50a9c0be4daabcb3d2bf2e26769a.jpg
2026-05-02 14:20:30,150 - diploma_verifier - DEBUG - Redimensionnement de 2574x1812 vers 2000x1407
2026-05-02 14:20:30,252 - diploma_verifier - INFO - Image convertie — dimensions=2000x1407 | mode=RGB
2026-05-02 14:20:33,752 - diploma_verifier - DEBUG - OCR pass [ara] — text_len=935 | confidence=0.468
2026-05-02 14:20:34,914 - diploma_verifier - DEBUG - OCR pass [fra] — text_len=606 | confidence=0.335
2026-05-02 14:20:35,885 - diploma_verifier - DEBUG - OCR pass [eng] — text_len=689 | confidence=0.355
2026-05-02 14:20:39,052 - diploma_verifier - DEBUG - OCR pass [ara+fra] — text_len=850 | confidence=0.486
2026-05-02 14:20:40,752 - diploma_verifier - DEBUG - OCR pass [fra+eng] — text_len=649 | confidence=0.393
2026-05-02 14:20:40,752 - diploma_verifier - DEBUG - OCR semantic — lang=ara | score=6 | confidence=0.468 | text_len=935
2026-05-02 14:20:40,753 - diploma_verifier - DEBUG - OCR semantic — lang=fra | score=0 | confidence=0.335 | text_len=606
2026-05-02 14:20:40,753 - diploma_verifier - DEBUG - OCR semantic — lang=eng | score=0 | confidence=0.355 | text_len=689
2026-05-02 14:20:40,754 - diploma_verifier - DEBUG - OCR semantic — lang=ara+fra | score=6 | confidence=0.486 | text_len=850
2026-05-02 14:20:40,754 - diploma_verifier - DEBUG - OCR semantic — lang=fra+eng | score=0 | confidence=0.393 | text_len=649
2026-05-02 14:20:40,754 - diploma_verifier - INFO - OCR best selection — lang=ara | semantic_score=6 | confidence=0.468 | text_len=935
2026-05-02 14:20:40,755 - diploma_verifier - INFO - OCR DIAG — text_len=935 | clean_len=145 | confidence=0.468 | hash_seed=04c3b3a229c48284
2026-05-02 14:20:41,451 - diploma_verifier - INFO - OCR terminé — confiance=0.47 | langue=ar | champs extraits=3
2026-05-02 14:20:41,458 - diploma_verifier - INFO - Signature V4 — raw_conf=0.800 | smoothed=0.89 | candidats=11 | encre=0.858 | stroke_cx=0.000
2026-05-02 14:20:41,893 - diploma_verifier - INFO - Cachet V4 — raw_conf=0.924 | smoothed=0.95 | couleur=noir | hough=145 | ellipses=3 | contours=0
2026-05-02 14:20:41,894 - diploma_verifier - INFO - ORCH V5 DIAG — ocr_len=935 | ocr_conf=0.468 | sig_conf=0.89 | stamp_conf=0.95 | hash=b39a603a6816c93e
2026-05-02 14:20:41,914 - diploma_verifier - INFO - Analyse texte V5 — nom=False | institution=True | diplôme=True | date=True | phrases=False | semantic=0.478 | struct=2 | density=0.016 | confiance=0.26 | doc_type=diploma | coherence=0.00 | kw_penalty=0.00
2026-05-02 14:20:41,914 - diploma_verifier - DEBUG - Structure boost: 58.2 → 65.2 (count=2)
2026-05-02 14:20:41,915 - diploma_verifier - INFO - Scoring V5 DIAG — raw=58.2 | noise=3.50 | final=68.7 | confidence=medium | ocr_conf=0.468 | semantic=0.478 | struct=2 | doc_type=diploma | coherence=0.00 | kw_penalty=0.00 | weights={'has_person_name': 0.2, 'has_degree_keyword': 0.16, 'has_date': 0.1, 'official_mention': 0.1, 'certification_phrase': 0.09, 'signature_confidence': 0.18, 'stamp_confidence': 0.17}
2026-05-02 14:20:41,915 - diploma_verifier - INFO - Analyse terminée — fichier=test1.jpg | pays=unknown | score=68.7 | verdict=medium | durée=11911ms | flags=[aucun]
2026-05-02 14:20:41,917 - diploma_verifier - DEBUG - Fichier temporaire supprimé : C:\Users\marwe\AppData\Local\Temp\diploma_49fc50a9c0be4daabcb3d2bf2e26769a.jpg
2026-05-02 14:20:42,226 - diploma_verifier - INFO - Requête de vérification reçue : testrotation.jpg
2026-05-02 14:20:42,226 - diploma_verifier - INFO - Validation du fichier : testrotation.jpg
2026-05-02 14:20:42,228 - diploma_verifier - DEBUG - Type MIME détecté : image/jpeg
2026-05-02 14:20:42,230 - diploma_verifier - DEBUG - Fichier temporaire créé : C:\Users\marwe\AppData\Local\Temp\diploma_7e798df6ac7e4acb9b1eafbb26105e62.jpg
2026-05-02 14:20:42,230 - diploma_verifier - INFO - Fichier validé — mime=image/jpeg | taille=1837859 octets | chemin=C:\Users\marwe\AppData\Local\Temp\diploma_7e798df6ac7e4acb9b1eafbb26105e62.jpg
2026-05-02 14:20:42,230 - diploma_verifier - INFO - Début de l'analyse V5 : testrotation.jpg
2026-05-02 14:20:42,230 - diploma_verifier - DEBUG - Chargement image : C:\Users\marwe\AppData\Local\Temp\diploma_7e798df6ac7e4acb9b1eafbb26105e62.jpg
2026-05-02 14:20:42,237 - diploma_verifier - DEBUG - Redimensionnement de 2058x3012 vers 1366x2000
2026-05-02 14:20:42,349 - diploma_verifier - INFO - Image convertie — dimensions=1366x2000 | mode=RGB
2026-05-02 14:20:43,365 - diploma_verifier - INFO - Rotation détectée par OSD : 270°
2026-05-02 14:20:45,942 - diploma_verifier - DEBUG - OCR pass [ara] — text_len=471 | confidence=0.341
2026-05-02 14:20:47,195 - diploma_verifier - DEBUG - OCR pass [fra] — text_len=454 | confidence=0.313
2026-05-02 14:20:48,277 - diploma_verifier - DEBUG - OCR pass [eng] — text_len=505 | confidence=0.323
2026-05-02 14:20:51,677 - diploma_verifier - DEBUG - OCR pass [ara+fra] — text_len=524 | confidence=0.367
2026-05-02 14:20:53,429 - diploma_verifier - DEBUG - OCR pass [fra+eng] — text_len=442 | confidence=0.365
2026-05-02 14:20:53,429 - diploma_verifier - DEBUG - OCR semantic — lang=ara | score=0 | confidence=0.341 | text_len=471
2026-05-02 14:20:53,430 - diploma_verifier - DEBUG - OCR semantic — lang=fra | score=0 | confidence=0.313 | text_len=454
2026-05-02 14:20:53,430 - diploma_verifier - DEBUG - OCR semantic — lang=eng | score=0 | confidence=0.323 | text_len=505
2026-05-02 14:20:53,430 - diploma_verifier - DEBUG - OCR semantic — lang=ara+fra | score=0 | confidence=0.367 | text_len=524
2026-05-02 14:20:53,431 - diploma_verifier - DEBUG - OCR semantic — lang=fra+eng | score=0 | confidence=0.365 | text_len=442
2026-05-02 14:20:53,432 - diploma_verifier - INFO - OCR best selection — lang=ara+fra | semantic_score=0 | confidence=0.367 | text_len=524
2026-05-02 14:20:53,432 - diploma_verifier - INFO - OSD semantic faible (0) — fallback 4-rotation activé
2026-05-02 14:20:55,251 - diploma_verifier - DEBUG - OCR pass [ara+fra+eng] — text_len=276 | confidence=0.436
2026-05-02 14:20:55,251 - diploma_verifier - INFO - Rotation fallback 0° → semantic_score=0
2026-05-02 14:20:57,972 - diploma_verifier - DEBUG - OCR pass [ara+fra+eng] — text_len=478 | confidence=0.385
2026-05-02 14:20:57,972 - diploma_verifier - INFO - Rotation fallback 90° → semantic_score=0
2026-05-02 14:20:59,577 - diploma_verifier - DEBUG - OCR pass [ara+fra+eng] — text_len=248 | confidence=0.457
2026-05-02 14:20:59,578 - diploma_verifier - INFO - Rotation fallback 180° → semantic_score=0
2026-05-02 14:21:01,407 - diploma_verifier - DEBUG - OCR pass [ara+fra+eng] — text_len=423 | confidence=0.588
2026-05-02 14:21:01,408 - diploma_verifier - INFO - Rotation fallback 270° → semantic_score=6
2026-05-02 14:21:01,415 - diploma_verifier - INFO - Best rotation selected: 270° (semantic=6)
2026-05-02 14:21:04,340 - diploma_verifier - DEBUG - OCR pass [ara] — text_len=1132 | confidence=0.537
2026-05-02 14:21:05,852 - diploma_verifier - DEBUG - OCR pass [fra] — text_len=811 | confidence=0.387
2026-05-02 14:21:07,077 - diploma_verifier - DEBUG - OCR pass [eng] — text_len=871 | confidence=0.403
2026-05-02 14:21:11,077 - diploma_verifier - DEBUG - OCR pass [ara+fra] — text_len=1109 | confidence=0.557
2026-05-02 14:21:13,241 - diploma_verifier - DEBUG - OCR pass [fra+eng] — text_len=842 | confidence=0.441
2026-05-02 14:21:13,241 - diploma_verifier - DEBUG - OCR semantic — lang=ara | score=6 | confidence=0.537 | text_len=1132
2026-05-02 14:21:13,243 - diploma_verifier - DEBUG - OCR semantic — lang=fra | score=0 | confidence=0.387 | text_len=811
2026-05-02 14:21:13,243 - diploma_verifier - DEBUG - OCR semantic — lang=eng | score=0 | confidence=0.403 | text_len=871
2026-05-02 14:21:13,243 - diploma_verifier - DEBUG - OCR semantic — lang=ara+fra | score=6 | confidence=0.557 | text_len=1109
2026-05-02 14:21:13,244 - diploma_verifier - DEBUG - OCR semantic — lang=fra+eng | score=0 | confidence=0.441 | text_len=842
2026-05-02 14:21:13,244 - diploma_verifier - INFO - OCR best selection — lang=ara | semantic_score=6 | confidence=0.537 | text_len=1132
2026-05-02 14:21:13,245 - diploma_verifier - INFO - OCR DIAG — text_len=1132 | clean_len=168 | confidence=0.537 | hash_seed=54ca13db97c33726
2026-05-02 14:21:13,271 - diploma_verifier - INFO - OCR terminé — confiance=0.54 | langue=ar | champs extraits=3
2026-05-02 14:21:13,278 - diploma_verifier - INFO - Signature V4 — raw_conf=0.767 | smoothed=0.87 | candidats=6 | encre=0.540 | stroke_cx=0.766
2026-05-02 14:21:13,485 - diploma_verifier - INFO - Cachet V4 — raw_conf=0.935 | smoothed=0.95 | couleur=noir | hough=95 | ellipses=4 | contours=0
2026-05-02 14:21:13,486 - diploma_verifier - INFO - ORCH V5 DIAG — ocr_len=1132 | ocr_conf=0.537 | sig_conf=0.87 | stamp_conf=0.95 | hash=cb33a0129c228828
2026-05-02 14:21:13,507 - diploma_verifier - INFO - Analyse texte V5 — nom=False | institution=True | diplôme=True | date=True | phrases=False | semantic=0.478 | struct=2 | density=0.016 | confiance=0.26 | doc_type=diploma | coherence=0.00 | kw_penalty=0.00
2026-05-02 14:21:13,508 - diploma_verifier - DEBUG - Structure boost: 57.8 → 64.7 (count=2)
2026-05-02 14:21:13,508 - diploma_verifier - INFO - Scoring V5 DIAG — raw=57.8 | noise=0.62 | final=65.4 | confidence=medium | ocr_conf=0.537 | semantic=0.478 | struct=2 | doc_type=diploma | coherence=0.00 | kw_penalty=0.00 | weights={'has_person_name': 0.2, 'has_degree_keyword': 0.16, 'has_date': 0.1, 'official_mention': 0.1, 'certification_phrase': 0.09, 'signature_confidence': 0.18, 'stamp_confidence': 0.17}
2026-05-02 14:21:13,509 - diploma_verifier - INFO - Analyse terminée — fichier=testrotation.jpg | pays=unknown | score=65.4 | verdict=medium | durée=31278ms | flags=[aucun]
2026-05-02 14:21:13,511 - diploma_verifier - DEBUG - Fichier temporaire supprimé : C:\Users\marwe\AppData\Local\Temp\diploma_7e798df6ac7e4acb9b1eafbb26105e62.jpg
2026-05-02 14:21:13,802 - diploma_verifier - INFO - Requête de vérification reçue : test.jpg
2026-05-02 14:21:13,802 - diploma_verifier - INFO - Validation du fichier : test.jpg
2026-05-02 14:21:13,804 - diploma_verifier - DEBUG - Type MIME détecté : image/jpeg
2026-05-02 14:21:13,805 - diploma_verifier - DEBUG - Fichier temporaire créé : C:\Users\marwe\AppData\Local\Temp\diploma_0034b085faf7436d80266a460d4c0543.jpg
2026-05-02 14:21:13,805 - diploma_verifier - INFO - Fichier validé — mime=image/jpeg | taille=258481 octets | chemin=C:\Users\marwe\AppData\Local\Temp\diploma_0034b085faf7436d80266a460d4c0543.jpg
2026-05-02 14:21:13,806 - diploma_verifier - INFO - Début de l'analyse V5 : test.jpg
2026-05-02 14:21:13,806 - diploma_verifier - DEBUG - Chargement image : C:\Users\marwe\AppData\Local\Temp\diploma_0034b085faf7436d80266a460d4c0543.jpg
2026-05-02 14:21:13,812 - diploma_verifier - DEBUG - Redimensionnement de 1478x2047 vers 1444x2000
2026-05-02 14:21:13,886 - diploma_verifier - INFO - Image convertie — dimensions=1444x2000 | mode=RGB
2026-05-02 14:21:14,612 - diploma_verifier - INFO - Rotation détectée par OSD : 90°
2026-05-02 14:21:17,110 - diploma_verifier - DEBUG - OCR pass [ara] — text_len=733 | confidence=0.417
2026-05-02 14:21:18,231 - diploma_verifier - DEBUG - OCR pass [fra] — text_len=661 | confidence=0.277
2026-05-02 14:21:19,119 - diploma_verifier - DEBUG - OCR pass [eng] — text_len=709 | confidence=0.355
2026-05-02 14:21:22,187 - diploma_verifier - DEBUG - OCR pass [ara+fra] — text_len=685 | confidence=0.419
2026-05-02 14:21:23,874 - diploma_verifier - DEBUG - OCR pass [fra+eng] — text_len=657 | confidence=0.376
2026-05-02 14:21:23,874 - diploma_verifier - DEBUG - OCR semantic — lang=ara | score=0 | confidence=0.417 | text_len=733
2026-05-02 14:21:23,875 - diploma_verifier - DEBUG - OCR semantic — lang=fra | score=0 | confidence=0.277 | text_len=661
2026-05-02 14:21:23,875 - diploma_verifier - DEBUG - OCR semantic — lang=eng | score=0 | confidence=0.355 | text_len=709
2026-05-02 14:21:23,875 - diploma_verifier - DEBUG - OCR semantic — lang=ara+fra | score=0 | confidence=0.419 | text_len=685
2026-05-02 14:21:23,876 - diploma_verifier - DEBUG - OCR semantic — lang=fra+eng | score=0 | confidence=0.376 | text_len=657
2026-05-02 14:21:23,876 - diploma_verifier - INFO - OCR best selection — lang=ara | semantic_score=0 | confidence=0.417 | text_len=733
2026-05-02 14:21:23,877 - diploma_verifier - INFO - OSD semantic faible (0) — fallback 4-rotation activé
2026-05-02 14:21:24,639 - diploma_verifier - DEBUG - OCR pass [ara+fra+eng] — text_len=89 | confidence=0.596
2026-05-02 14:21:24,640 - diploma_verifier - INFO - Rotation fallback 0° → semantic_score=0
2026-05-02 14:21:26,668 - diploma_verifier - DEBUG - OCR pass [ara+fra+eng] — text_len=899 | confidence=0.707
2026-05-02 14:21:26,672 - diploma_verifier - INFO - Rotation fallback 90° → semantic_score=7
2026-05-02 14:21:27,339 - diploma_verifier - DEBUG - OCR pass [ara+fra+eng] — text_len=86 | confidence=0.500
2026-05-02 14:21:27,339 - diploma_verifier - INFO - Rotation fallback 180° → semantic_score=0
2026-05-02 14:21:29,736 - diploma_verifier - DEBUG - OCR pass [ara+fra+eng] — text_len=505 | confidence=0.391
2026-05-02 14:21:29,740 - diploma_verifier - INFO - Rotation fallback 270° → semantic_score=0
2026-05-02 14:21:29,740 - diploma_verifier - INFO - Best rotation selected: 90° (semantic=7)
2026-05-02 14:21:31,586 - diploma_verifier - DEBUG - OCR pass [ara] — text_len=1006 | confidence=0.795
2026-05-02 14:21:32,718 - diploma_verifier - DEBUG - OCR pass [fra] — text_len=914 | confidence=0.378
2026-05-02 14:21:33,580 - diploma_verifier - DEBUG - OCR pass [eng] — text_len=1018 | confidence=0.414
2026-05-02 14:21:36,068 - diploma_verifier - DEBUG - OCR pass [ara+fra] — text_len=1020 | confidence=0.822
2026-05-02 14:21:37,743 - diploma_verifier - DEBUG - OCR pass [fra+eng] — text_len=973 | confidence=0.434
2026-05-02 14:21:37,743 - diploma_verifier - DEBUG - OCR semantic — lang=ara | score=13 | confidence=0.795 | text_len=1006
2026-05-02 14:21:37,744 - diploma_verifier - DEBUG - OCR semantic — lang=fra | score=0 | confidence=0.378 | text_len=914
2026-05-02 14:21:37,744 - diploma_verifier - DEBUG - OCR semantic — lang=eng | score=0 | confidence=0.414 | text_len=1018
2026-05-02 14:21:37,745 - diploma_verifier - DEBUG - OCR semantic — lang=ara+fra | score=13 | confidence=0.822 | text_len=1020
2026-05-02 14:21:37,745 - diploma_verifier - DEBUG - OCR semantic — lang=fra+eng | score=0 | confidence=0.434 | text_len=973
2026-05-02 14:21:37,745 - diploma_verifier - INFO - OCR best selection — lang=ara | semantic_score=13 | confidence=0.795 | text_len=1006
2026-05-02 14:21:37,746 - diploma_verifier - INFO - OCR DIAG — text_len=1006 | clean_len=116 | confidence=0.795 | hash_seed=e67c6fb20e2a9c84
2026-05-02 14:21:37,767 - diploma_verifier - INFO - OCR terminé — confiance=0.79 | langue=ar | champs extraits=3
2026-05-02 14:21:37,774 - diploma_verifier - INFO - Signature V4 — raw_conf=0.688 | smoothed=0.81 | candidats=2 | encre=0.858 | stroke_cx=0.000
2026-05-02 14:21:37,918 - diploma_verifier - INFO - Cachet V4 — raw_conf=0.750 | smoothed=0.86 | couleur=bleu | hough=102 | ellipses=1 | contours=1
2026-05-02 14:21:37,919 - diploma_verifier - INFO - ORCH V5 DIAG — ocr_len=1006 | ocr_conf=0.795 | sig_conf=0.81 | stamp_conf=0.86 | hash=64bf62b00c534888
2026-05-02 14:21:37,936 - diploma_verifier - INFO - Analyse texte V5 — nom=False | institution=False | diplôme=True | date=True | phrases=False | semantic=0.511 | struct=2 | density=0.081 | confiance=0.58 | doc_type=diploma | coherence=0.17 | kw_penalty=0.00
2026-05-02 14:21:37,937 - diploma_verifier - DEBUG - Structure boost: 65.2 → 73.0 (count=2)
2026-05-02 14:21:37,937 - diploma_verifier - INFO - Scoring V5 DIAG — raw=65.2 | noise=0.33 | final=73.4 | confidence=high | ocr_conf=0.795 | semantic=0.511 | struct=2 | doc_type=diploma | coherence=0.17 | kw_penalty=0.00 | weights={'has_person_name': 0.2, 'has_degree_keyword': 0.16, 'has_date': 0.1, 'official_mention': 0.1, 'certification_phrase': 0.09, 'signature_confidence': 0.18, 'stamp_confidence': 0.17}
2026-05-02 14:21:37,937 - diploma_verifier - INFO - Analyse terminée — fichier=test.jpg | pays=unknown | score=73.4 | verdict=high | durée=24131ms | flags=[aucun]
2026-05-02 14:21:37,939 - diploma_verifier - DEBUG - Fichier temporaire supprimé : C:\Users\marwe\AppData\Local\Temp\diploma_0034b085faf7436d80266a460d4c0543.jpg
2026-05-02 14:21:38,245 - diploma_verifier - INFO - Requête de vérification reçue : logoedubridge.png
2026-05-02 14:21:38,245 - diploma_verifier - INFO - Validation du fichier : logoedubridge.png
2026-05-02 14:21:38,248 - diploma_verifier - DEBUG - Type MIME détecté : image/png
2026-05-02 14:21:38,250 - diploma_verifier - DEBUG - Fichier temporaire créé : C:\Users\marwe\AppData\Local\Temp\diploma_09d3dce7773f4336af6f10311074547f.png
2026-05-02 14:21:38,251 - diploma_verifier - INFO - Fichier validé — mime=image/png | taille=4923858 octets | chemin=C:\Users\marwe\AppData\Local\Temp\diploma_09d3dce7773f4336af6f10311074547f.png
2026-05-02 14:21:38,251 - diploma_verifier - INFO - Début de l'analyse V5 : logoedubridge.png
2026-05-02 14:21:38,251 - diploma_verifier - DEBUG - Chargement image : C:\Users\marwe\AppData\Local\Temp\diploma_09d3dce7773f4336af6f10311074547f.png
2026-05-02 14:21:38,334 - diploma_verifier - DEBUG - Redimensionnement de 2760x1504 vers 2000x1089
2026-05-02 14:21:38,400 - diploma_verifier - INFO - Image convertie — dimensions=2000x1089 | mode=RGB
2026-05-02 14:21:38,922 - diploma_verifier - DEBUG - OSD rotation detection failed (non-critique) : (1, 'Estimating resolution as 1259 Warning. Invalid resolution 0 dpi. Using 70 instead. Too few characters. Skipping this page Error during processing.')
2026-05-02 14:21:39,464 - diploma_verifier - DEBUG - OCR pass [ara] — text_len=14 | confidence=0.160
2026-05-02 14:21:40,037 - diploma_verifier - DEBUG - OCR pass [fra] — text_len=15 | confidence=0.517
2026-05-02 14:21:40,610 - diploma_verifier - DEBUG - OCR pass [eng] — text_len=13 | confidence=0.740
2026-05-02 14:21:41,265 - diploma_verifier - DEBUG - OCR pass [ara+fra] — text_len=15 | confidence=0.517
2026-05-02 14:21:41,961 - diploma_verifier - DEBUG - OCR pass [fra+eng] — text_len=13 | confidence=0.740
2026-05-02 14:21:41,961 - diploma_verifier - DEBUG - OCR semantic — lang=ara | score=0 | confidence=0.160 | text_len=14
2026-05-02 14:21:41,961 - diploma_verifier - DEBUG - OCR semantic — lang=fra | score=0 | confidence=0.517 | text_len=15
2026-05-02 14:21:41,961 - diploma_verifier - DEBUG - OCR semantic — lang=eng | score=0 | confidence=0.740 | text_len=13
2026-05-02 14:21:41,962 - diploma_verifier - DEBUG - OCR semantic — lang=ara+fra | score=0 | confidence=0.517 | text_len=15
2026-05-02 14:21:41,962 - diploma_verifier - DEBUG - OCR semantic — lang=fra+eng | score=0 | confidence=0.740 | text_len=13
2026-05-02 14:21:41,962 - diploma_verifier - INFO - OCR best selection — lang=fra | semantic_score=0 | confidence=0.517 | text_len=15
2026-05-02 14:21:41,962 - diploma_verifier - INFO - OSD semantic faible (0) — fallback 4-rotation activé
2026-05-02 14:21:42,275 - diploma_verifier - DEBUG - OCR pass [ara+fra+eng] — text_len=13 | confidence=0.635
2026-05-02 14:21:42,275 - diploma_verifier - INFO - Rotation fallback 0° → semantic_score=0
2026-05-02 14:21:42,680 - diploma_verifier - DEBUG - OCR pass [ara+fra+eng] — text_len=29 | confidence=0.560
2026-05-02 14:21:42,680 - diploma_verifier - INFO - Rotation fallback 90° → semantic_score=0
2026-05-02 14:21:43,041 - diploma_verifier - DEBUG - OCR pass [ara+fra+eng] — text_len=6 | confidence=0.445
2026-05-02 14:21:43,041 - diploma_verifier - INFO - Rotation fallback 180° → semantic_score=0
2026-05-02 14:21:43,441 - diploma_verifier - DEBUG - OCR pass [ara+fra+eng] — text_len=34 | confidence=0.509
2026-05-02 14:21:43,441 - diploma_verifier - INFO - Rotation fallback 270° → semantic_score=0
2026-05-02 14:21:43,441 - diploma_verifier - INFO - Best rotation selected: OSD (semantic=0)
2026-05-02 14:21:43,441 - diploma_verifier - INFO - OCR DIAG — text_len=15 | clean_len=15 | confidence=0.517 | hash_seed=2990af2ba2380bd7
2026-05-02 14:21:43,450 - diploma_verifier - INFO - OCR terminé — confiance=0.52 | langue=unknown | champs extraits=0
2026-05-02 14:21:43,454 - diploma_verifier - INFO - Signature V4 — raw_conf=0.718 | smoothed=0.83 | candidats=9 | encre=0.593 | stroke_cx=0.722
2026-05-02 14:21:43,490 - diploma_verifier - INFO - Cachet V4 — raw_conf=0.780 | smoothed=0.88 | couleur=bleu | hough=21 | ellipses=6 | contours=0
2026-05-02 14:21:43,491 - diploma_verifier - INFO - ORCH V5 DIAG — ocr_len=15 | ocr_conf=0.517 | sig_conf=0.83 | stamp_conf=0.88 | hash=2d507d9276993806
2026-05-02 14:21:43,495 - diploma_verifier - INFO - Analyse texte V5 — nom=False | institution=False | diplôme=False | date=False | phrases=False | semantic=0.000 | struct=0 | density=0.000 | confiance=0.00 | doc_type=unknown | coherence=0.00 | kw_penalty=0.00
2026-05-02 14:21:43,496 - diploma_verifier - INFO - diploma_confidence basse (0.00) mais signaux visuels forts (0.85) — poursuite du scoring V5
2026-05-02 14:21:43,496 - diploma_verifier - DEBUG - Structure penalty: 29.9 → 23.9 (count=0)
2026-05-02 14:21:43,496 - diploma_verifier - INFO - Anti-fake: keyword density penalty (23.9 → 17.9 | density=0.000)
2026-05-02 14:21:43,496 - diploma_verifier - DEBUG - V5 doc_type penalty: unknown → -10% (score=16.1)
2026-05-02 14:21:43,497 - diploma_verifier - DEBUG - V5 safety rule: semantic=0.00, struct=0 → capped at 35
2026-05-02 14:21:43,497 - diploma_verifier - INFO - V6 no-content ceiling: struct=0 + semantic=0.00 → capped at 18 (was 18.6)
2026-05-02 14:21:43,497 - diploma_verifier - INFO - Scoring V5 DIAG — raw=29.9 | noise=2.50 | final=18.0 | confidence=low | ocr_conf=0.517 | semantic=0.000 | struct=0 | doc_type=unknown | coherence=0.00 | kw_penalty=0.00 | weights={'has_person_name': 0.2, 'has_degree_keyword': 0.16, 'has_date': 0.1, 'official_mention': 0.1, 'certification_phrase': 0.09, 'signature_confidence': 0.18, 'stamp_confidence': 0.17}
2026-05-02 14:21:43,498 - diploma_verifier - INFO - Analyse terminée — fichier=logoedubridge.png | pays=unknown | score=18.0 | verdict=low | durée=5247ms | flags=[aucun]
2026-05-02 14:21:43,500 - diploma_verifier - DEBUG - Fichier temporaire supprimé : C:\Users\marwe\AppData\Local\Temp\diploma_09d3dce7773f4336af6f10311074547f.png
